归属单位,仪表类别,生产厂家,仪表数量,数据统计月份,本月故障小时数,本月运维内容,该运维内容对应次数,该运维内容单次运维费用,未来N个月内安装次数,未来N个月运维成本,未来总成本预测,安装时间（每个仪表单独统计）,报废时间（每个仪表单独统计）,已服役总时间（每个仪表单独统计）,,,单位仪表该运维内容对应次数
东胜精攻石油开发集团股份有限公司/牛庄采油管理区,温压变,北京安控科技股份有限公司,90,2023/6/1,4,井场仪表设备故障诊断(功图部分除外),2,193.61,,,,,,,,,0.022222222
东胜精攻石油开发集团股份有限公司/牛庄采油管理区,温压变,北京安控科技股份有限公司,90,2023/7/1,6,仪表电池更换 就地,3,207.36,,,,,,,,,0.033333333
东胜精攻石油开发集团股份有限公司/牛庄采油管理区,温压变,北京安控科技股份有限公司,90,2023/9/1,8,井场仪表设备故障诊断(功图部分除外),4,387.22,,,,,,,,,0.044444444
东胜精攻石油开发集团股份有限公司/牛庄采油管理区,温压变,北京安控科技股份有限公司,91,2023/11/1,4,井场仪表设备故障诊断(功图部分除外),2,193.61,,,,,,,,,0.021978022
东胜精攻石油开发集团股份有限公司/牛庄采油管理区,温压变,北京安控科技股份有限公司,91,2023/12/1,6,井场仪表设备故障诊断(功图部分除外),3,234.04,,,,,,,,,0.032967033
东胜精攻石油开发集团股份有限公司/牛庄采油管理区,温压变,深圳市博海粤能科技开发有限公司,10,2023/6/1,8,井场仪表设备故障诊断(功图部分除外),4,387.22,,,,,,,,,0.4
东胜精攻石油开发集团股份有限公司/牛庄采油管理区,温压变,天津市万众科技发展有限公司,140,2023/8/1,8,仪表电池更换 就地,4,247.79,,,,,,,,,0.028571429
东胜精攻石油开发集团股份有限公司/牛庄采油管理区,温压变,天津市万众科技发展有限公司,141,2023/10/1,8,井场仪表设备故障诊断(功图部分除外),4,387.22,,,,,,,,,0.028368794
东胜精攻石油开发集团股份有限公司/牛庄采油管理区,温压变,天津市万众科技发展有限公司,142,2023/12/1,6,井场仪表设备故障诊断(功图部分除外),3,234.04,,,,,,,,,0.021126761
东胜精攻石油开发集团股份有限公司/牛庄采油管理区,温压变,天津万众科技股份有限公司,170,2023/6/1,4,井场仪表设备故障诊断(功图部分除外),2,193.61,,,,,,,,,0.011764706
东胜精攻石油开发集团股份有限公司/牛庄采油管理区,温压变,天津万众科技股份有限公司,170,2023/7/1,4,井场仪表设备故障诊断(功图部分除外),2,193.61,,,,,,,,,0.011764706
东胜精攻石油开发集团股份有限公司/牛庄采油管理区,载荷,蚌埠日月仪器研究所有限公司,160,2023/5/1,12,载荷传感器调试 无线,6,1284.96,,,,,,,,,0.0375
东胜精攻石油开发集团股份有限公司/牛庄采油管理区,载荷,蚌埠日月仪器研究所有限公司,160,2023/6/1,16,载荷传感器调试 无线,8,1454.92,,,,,,,,,0.05
东胜精攻石油开发集团股份有限公司/牛庄采油管理区,载荷,蚌埠日月仪器研究所有限公司,160,2023/7/1,8,载荷传感器调试 无线,4,709.34,,,,,,,,,0.025
东胜精攻石油开发集团股份有限公司/牛庄采油管理区,载荷,蚌埠日月仪器研究所有限公司,160,2023/8/1,32,载荷传感器调试 无线,16,2113.04,,,,,,,,,0.1
东胜精攻石油开发集团股份有限公司/牛庄采油管理区,载荷,蚌埠日月仪器研究所有限公司,160,2023/9/1,24,载荷传感器调试 无线,12,1730.87,,,,,,,,,0.075
东胜精攻石油开发集团股份有限公司/牛庄采油管理区,载荷,蚌埠日月仪器研究所有限公司,160,2023/10/1,16,载荷传感器调试 无线,8,1418.68,,,,,,,,,0.05
东胜精攻石油开发集团股份有限公司/牛庄采油管理区,载荷,蚌埠日月仪器研究所有限公司,160,2023/11/1,16,载荷传感器调试 无线,8,1454.92,,,,,,,,,0.05
东胜精攻石油开发集团股份有限公司/牛庄采油管理区,载荷,蚌埠日月仪器研究所有限公司,160,2023/12/1,10,油井功图采集系统故障诊断,5,1439.05,,,,,,,,,0.03125
东胜精攻石油开发集团股份有限公司/牛庄采油管理区,载荷,蚌埠日月仪器研究所有限公司,160,2024/1/1,24,载荷传感器调试 无线,12,1473.68,,,,,,,,,0.075
东胜精攻石油开发集团股份有限公司/牛庄采油管理区,载荷,天津万众科技股份有限公司,21,2023/6/1,4,载荷传感器调试 无线,2,354.67,,,,,,,,,0.095238095
东胜精攻石油开发集团股份有限公司/牛庄采油管理区,载荷,天津万众科技股份有限公司,21,2023/9/1,4,载荷传感器调试 无线,2,354.67,,,,,,,,,0.095238095
东胜精攻石油开发集团股份有限公司/牛庄采油管理区,载荷,天津万众科技股份有限公司,21,2023/12/1,6,载荷传感器调试 无线,3,642.48,,,,,,,,,0.142857143
孤岛采油厂/采油管理二区,流量计,荆州市明德科技有限公司,11,2023/11/1,2,接转站以下流量类仪表设备故障诊断,1,256.78,,,,,,,,,0.090909091
孤岛采油厂/采油管理二区,流量计,荆州市明德科技有限公司,11,2024/2/1,4,接转站以下流量类仪表设备故障诊断,2,513.56,,,,,,,,,0.181818182
孤岛采油厂/采油管理二区,流量计,浙江金龙自控设备有限公司,23,2023/7/1,2,接转站以下流量类仪表设备故障诊断,1,256.78,,,,,,,,,0.043478261
孤岛采油厂/采油管理二区,流量计,浙江精华测控设备有限公司,256,2023/3/1,6,接转站以下流量类仪表设备故障诊断,3,770.34,,,,,,,,,0.01171875
孤岛采油厂/采油管理二区,流量计,浙江精华测控设备有限公司,257,2023/4/1,6,接转站以下流量类仪表设备故障诊断,3,770.34,,,,,,,,,0.011673152
孤岛采油厂/采油管理二区,流量计,浙江精华测控设备有限公司,258,2023/6/1,4,接转站以下流量类仪表设备故障诊断,2,513.56,,,,,,,,,0.007751938
孤岛采油厂/采油管理二区,流量计,浙江精华测控设备有限公司,258,2023/8/1,2,接转站以下流量类仪表设备故障诊断,1,256.78,,,,,,,,,0.003875969
孤岛采油厂/采油管理二区,流量计,浙江精华测控设备有限公司,258,2023/10/1,2,接转站以下流量类仪表设备故障诊断,1,256.78,,,,,,,,,0.003875969
孤岛采油厂/采油管理二区,温压变,北京安控科技股份有限公司,41,2023/3/1,4,井场仪表设备故障诊断(功图部分除外),2,232,,,,,,,,,0.048780488
孤岛采油厂/采油管理二区,温压变,北京安控科技股份有限公司,41,2023/4/1,14,井场仪表设备故障诊断(功图部分除外),7,812,,,,,,,,,0.170731707
孤岛采油厂/采油管理二区,温压变,北京安控科技股份有限公司,41,2023/5/1,2,井场仪表设备故障诊断(功图部分除外),1,116,,,,,,,,,0.024390244
孤岛采油厂/采油管理二区,温压变,北京安控科技股份有限公司,41,2023/7/1,4,井场仪表设备故障诊断(功图部分除外),2,232,,,,,,,,,0.048780488
孤岛采油厂/采油管理二区,温压变,北京安控科技股份有限公司,41,2023/8/1,4,井场仪表设备故障诊断(功图部分除外),2,232,,,,,,,,,0.048780488
孤岛采油厂/采油管理二区,温压变,北京安控科技股份有限公司,41,2023/9/1,4,井场仪表设备故障诊断(功图部分除外),2,232,,,,,,,,,0.048780488
孤岛采油厂/采油管理二区,温压变,北京安控科技股份有限公司,41,2023/10/1,16,井场仪表设备故障诊断(功图部分除外),8,928,,,,,,,,,0.195121951
孤岛采油厂/采油管理二区,温压变,北京安控科技股份有限公司,41,2023/11/1,8,井场仪表设备故障诊断(功图部分除外),4,464,,,,,,,,,0.097560976
孤岛采油厂/采油管理二区,温压变,北京安控科技股份有限公司,41,2023/12/1,10,井场仪表设备故障诊断(功图部分除外),5,580,,,,,,,,,0.12195122
孤岛采油厂/采油管理二区,温压变,北京安控科技股份有限公司,41,2024/1/1,6,井场仪表设备故障诊断(功图部分除外),3,348,,,,,,,,,0.073170732
孤岛采油厂/采油管理二区,温压变,北京安控科技股份有限公司,41,2024/2/1,2,井场仪表设备故障诊断(功图部分除外),1,116,,,,,,,,,0.024390244
孤岛采油厂/采油管理二区,温压变,山东胜利通海集团东营天蓝节能科技有限公司,14,2023/4/1,2,井场仪表设备故障诊断(功图部分除外),1,116,,,,,,,,,0.071428571
孤岛采油厂/采油管理二区,温压变,山东胜利通海集团东营天蓝节能科技有限公司,14,2023/5/1,2,井场仪表设备故障诊断(功图部分除外),1,116,,,,,,,,,0.071428571
孤岛采油厂/采油管理二区,温压变,山东胜利通海集团东营天蓝节能科技有限公司,14,2023/6/1,2,井场仪表设备故障诊断(功图部分除外),1,116,,,,,,,,,0.071428571
孤岛采油厂/采油管理二区,温压变,山东胜利通海集团东营天蓝节能科技有限公司,14,2023/10/1,2,井场仪表设备故障诊断(功图部分除外),1,116,,,,,,,,,0.071428571
孤岛采油厂/采油管理二区,温压变,深圳市博海粤能科技开发有限公司,497,2023/3/1,40,井场仪表设备故障诊断(功图部分除外),20,2320,,,,,,,,,0.040241449
孤岛采油厂/采油管理二区,温压变,深圳市博海粤能科技开发有限公司,497,2023/4/1,88,井场仪表设备故障诊断(功图部分除外),44,5104,,,,,,,,,0.088531187
孤岛采油厂/采油管理二区,温压变,深圳市博海粤能科技开发有限公司,497,2023/5/1,114,井场仪表设备故障诊断(功图部分除外),57,6612,,,,,,,,,0.114688129
孤岛采油厂/采油管理二区,温压变,深圳市博海粤能科技开发有限公司,497,2023/6/1,100,井场仪表设备故障诊断(功图部分除外),50,5800,,,,,,,,,0.100603622
孤岛采油厂/采油管理二区,温压变,深圳市博海粤能科技开发有限公司,497,2023/7/1,100,井场仪表设备故障诊断(功图部分除外),50,5800,,,,,,,,,0.100603622
孤岛采油厂/采油管理二区,温压变,深圳市博海粤能科技开发有限公司,497,2023/8/1,158,井场仪表设备故障诊断(功图部分除外),79,9164,,,,,,,,,0.158953722
孤岛采油厂/采油管理二区,温压变,深圳市博海粤能科技开发有限公司,497,2023/9/1,100,井场仪表设备故障诊断(功图部分除外),50,5800,,,,,,,,,0.100603622
孤岛采油厂/采油管理二区,温压变,深圳市博海粤能科技开发有限公司,497,2023/10/1,156,油井功图采集系统故障诊断,78,9219.81,,,,,,,,,0.15694165
孤岛采油厂/采油管理二区,温压变,深圳市博海粤能科技开发有限公司,497,2023/11/1,126,井场仪表设备故障诊断(功图部分除外),63,7308,,,,,,,,,0.126760563
孤岛采油厂/采油管理二区,温压变,深圳市博海粤能科技开发有限公司,497,2023/12/1,150,井场仪表设备故障诊断(功图部分除外),75,8700,,,,,,,,,0.150905433
孤岛采油厂/采油管理二区,温压变,深圳市博海粤能科技开发有限公司,497,2024/1/1,96,井场仪表设备故障诊断(功图部分除外),48,5492.43,,,,,,,,,0.096579477
孤岛采油厂/采油管理二区,温压变,深圳市博海粤能科技开发有限公司,497,2024/2/1,58,油井功图采集系统故障诊断,29,3535.81,,,,,,,,,0.058350101
孤岛采油厂/采油管理二区,温压变,深圳市博海粤能科技开发有限公司,497,2024/3/1,18,井场仪表设备故障诊断(功图部分除外),9,1044,,,,,,,,,0.018108652
孤岛采油厂/采油管理二区,温压变,胜利油田东强机电设备制造有限公司,80,2023/3/1,2,井场仪表设备故障诊断(功图部分除外),1,116,,,,,,,,,0.0125
孤岛采油厂/采油管理二区,温压变,胜利油田东强机电设备制造有限公司,80,2023/7/1,4,井场仪表设备故障诊断(功图部分除外),2,232,,,,,,,,,0.025
孤岛采油厂/采油管理二区,温压变,胜利油田东强机电设备制造有限公司,80,2023/10/1,2,井场仪表设备故障诊断(功图部分除外),1,116,,,,,,,,,0.0125
孤岛采油厂/采油管理二区,温压变,胜利油田东强机电设备制造有限公司,80,2024/1/1,2,井场仪表设备故障诊断(功图部分除外),1,116,,,,,,,,,0.0125
孤岛采油厂/采油管理二区,温压变,胜利油田东强机电设备制造有限公司,80,2024/3/1,2,井场仪表设备故障诊断(功图部分除外),1,116,,,,,,,,,0.0125
孤岛采油厂/采油管理二区,温压变,胜利油田豪威科工贸有限责任公司,687,2023/3/1,24,井场仪表设备故障诊断(功图部分除外),12,1392,,,,,,,,,0.017467249
孤岛采油厂/采油管理二区,温压变,胜利油田豪威科工贸有限责任公司,687,2023/4/1,42,井场仪表设备故障诊断(功图部分除外),21,2436,,,,,,,,,0.030567686
孤岛采油厂/采油管理二区,温压变,胜利油田豪威科工贸有限责任公司,687,2023/5/1,38,井场仪表设备故障诊断(功图部分除外),19,2204,,,,,,,,,0.027656477
孤岛采油厂/采油管理二区,温压变,胜利油田豪威科工贸有限责任公司,687,2023/6/1,28,井场仪表设备故障诊断(功图部分除外),14,1624,,,,,,,,,0.020378457
孤岛采油厂/采油管理二区,温压变,胜利油田豪威科工贸有限责任公司,687,2023/7/1,26,井场仪表设备故障诊断(功图部分除外),13,1508,,,,,,,,,0.018922853
孤岛采油厂/采油管理二区,温压变,胜利油田豪威科工贸有限责任公司,687,2023/8/1,30,井场仪表设备故障诊断(功图部分除外),15,1740,,,,,,,,,0.021834061
孤岛采油厂/采油管理二区,温压变,胜利油田豪威科工贸有限责任公司,687,2023/9/1,26,井场仪表设备故障诊断(功图部分除外),13,1508,,,,,,,,,0.018922853
孤岛采油厂/采油管理二区,温压变,胜利油田豪威科工贸有限责任公司,687,2023/10/1,54,井场仪表设备故障诊断(功图部分除外),27,3132,,,,,,,,,0.03930131
孤岛采油厂/采油管理二区,温压变,胜利油田豪威科工贸有限责任公司,687,2023/11/1,56,井场仪表设备故障诊断(功图部分除外),28,3248,,,,,,,,,0.040756914
孤岛采油厂/采油管理二区,温压变,胜利油田豪威科工贸有限责任公司,687,2023/12/1,58,井场仪表设备故障诊断(功图部分除外),29,3364,,,,,,,,,0.042212518
孤岛采油厂/采油管理二区,温压变,胜利油田豪威科工贸有限责任公司,687,2024/1/1,34,井场仪表设备故障诊断(功图部分除外),17,1896.43,,,,,,,,,0.024745269
孤岛采油厂/采油管理二区,温压变,胜利油田豪威科工贸有限责任公司,687,2024/2/1,22,井场仪表设备故障诊断(功图部分除外),11,1276,,,,,,,,,0.016011645
孤岛采油厂/采油管理二区,温压变,胜利油田豪威科工贸有限责任公司,687,2024/3/1,10,井场仪表设备故障诊断(功图部分除外),5,580,,,,,,,,,0.00727802
孤岛采油厂/采油管理二区,温压变,胜利油田物华实业发展有限公司,11,2023/3/1,2,井场仪表设备故障诊断(功图部分除外),1,116,,,,,,,,,0.090909091
孤岛采油厂/采油管理二区,温压变,胜利油田物华实业发展有限公司,11,2023/4/1,2,井场仪表设备故障诊断(功图部分除外),1,116,,,,,,,,,0.090909091
孤岛采油厂/采油管理二区,温压变,胜利油田物华实业发展有限公司,11,2023/6/1,6,井场仪表设备故障诊断(功图部分除外),3,348,,,,,,,,,0.272727273
孤岛采油厂/采油管理二区,温压变,胜利油田物华实业发展有限公司,11,2023/9/1,2,井场仪表设备故障诊断(功图部分除外),1,116,,,,,,,,,0.090909091
孤岛采油厂/采油管理二区,温压变,胜利油田物华实业发展有限公司,11,2023/10/1,6,井场仪表设备故障诊断(功图部分除外),3,348,,,,,,,,,0.272727273
孤岛采油厂/采油管理二区,温压变,胜利油田物华实业发展有限公司,11,2024/1/1,6,仪表电池更换 就地,3,245.75,,,,,,,,,0.272727273
孤岛采油厂/采油管理二区,温压变,天津万众科技股份有限公司,307,2023/3/1,36,井场仪表设备故障诊断(功图部分除外),18,2088,,,,,,,,,0.058631922
孤岛采油厂/采油管理二区,温压变,天津万众科技股份有限公司,309,2023/4/1,10,井场仪表设备故障诊断(功图部分除外),5,580,,,,,,,,,0.01618123
孤岛采油厂/采油管理二区,温压变,天津万众科技股份有限公司,310,2023/5/1,14,井场仪表设备故障诊断(功图部分除外),7,812,,,,,,,,,0.022580645
孤岛采油厂/采油管理二区,温压变,天津万众科技股份有限公司,311,2023/6/1,22,井场仪表设备故障诊断(功图部分除外),11,1276,,,,,,,,,0.035369775
孤岛采油厂/采油管理二区,温压变,天津万众科技股份有限公司,311,2023/7/1,38,井场仪表设备故障诊断(功图部分除外),19,2204,,,,,,,,,0.061093248
孤岛采油厂/采油管理二区,温压变,天津万众科技股份有限公司,315,2023/8/1,24,井场仪表设备故障诊断(功图部分除外),12,1392,,,,,,,,,0.038095238
孤岛采油厂/采油管理二区,温压变,天津万众科技股份有限公司,315,2023/9/1,32,井场仪表设备故障诊断(功图部分除外),16,1856,,,,,,,,,0.050793651
孤岛采油厂/采油管理二区,温压变,天津万众科技股份有限公司,315,2023/10/1,42,井场仪表设备故障诊断(功图部分除外),21,2436,,,,,,,,,0.066666667
孤岛采油厂/采油管理二区,温压变,天津万众科技股份有限公司,315,2023/11/1,40,井场仪表设备故障诊断(功图部分除外),20,2320,,,,,,,,,0.063492063
孤岛采油厂/采油管理二区,温压变,天津万众科技股份有限公司,315,2023/12/1,10,井场仪表设备故障诊断(功图部分除外),5,580,,,,,,,,,0.015873016
孤岛采油厂/采油管理二区,温压变,天津万众科技股份有限公司,315,2024/1/1,36,仪表电池更换 就地,18,1883.5,,,,,,,,,0.057142857
孤岛采油厂/采油管理二区,温压变,天津万众科技股份有限公司,315,2024/2/1,8,井场仪表设备故障诊断(功图部分除外),4,464,,,,,,,,,0.012698413
孤岛采油厂/采油管理二区,温压变,天津万众科技股份有限公司,315,2024/3/1,4,井场仪表设备故障诊断(功图部分除外),2,232,,,,,,,,,0.006349206
孤岛采油厂/采油管理二区,载荷,蚌埠日月仪器研究所有限公司,606,2023/3/1,44,油井功图采集系统故障诊断,22,6331.82,,,,,,,,,0.03630363
孤岛采油厂/采油管理二区,载荷,蚌埠日月仪器研究所有限公司,606,2023/4/1,52,油井功图采集系统故障诊断,26,7483.06,,,,,,,,,0.04290429
孤岛采油厂/采油管理二区,载荷,蚌埠日月仪器研究所有限公司,606,2023/5/1,46,油井功图采集系统故障诊断,23,6619.63,,,,,,,,,0.037953795
孤岛采油厂/采油管理二区,载荷,蚌埠日月仪器研究所有限公司,606,2023/6/1,28,油井功图采集系统故障诊断,14,4029.34,,,,,,,,,0.02310231
孤岛采油厂/采油管理二区,载荷,蚌埠日月仪器研究所有限公司,606,2023/7/1,74,油井功图采集系统故障诊断,37,10648.97,,,,,,,,,0.061056106
孤岛采油厂/采油管理二区,载荷,蚌埠日月仪器研究所有限公司,606,2023/8/1,104,油井功图采集系统故障诊断,52,14966.12,,,,,,,,,0.085808581
孤岛采油厂/采油管理二区,载荷,蚌埠日月仪器研究所有限公司,606,2023/9/1,96,油井功图采集系统故障诊断,48,13814.88,,,,,,,,,0.079207921
孤岛采油厂/采油管理二区,载荷,蚌埠日月仪器研究所有限公司,606,2023/10/1,94,油井功图采集系统故障诊断,47,13527.07,,,,,,,,,0.077557756
孤岛采油厂/采油管理二区,载荷,蚌埠日月仪器研究所有限公司,606,2023/11/1,96,油井功图采集系统故障诊断,48,13814.88,,,,,,,,,0.079207921
孤岛采油厂/采油管理二区,载荷,蚌埠日月仪器研究所有限公司,606,2023/12/1,122,角位移传感器(载荷传感器)拆卸 ,61,17353.58,,,,,,,,,0.100660066
孤岛采油厂/采油管理二区,载荷,蚌埠日月仪器研究所有限公司,606,2024/1/1,74,油井功图采集系统故障诊断,37,10648.97,,,,,,,,,0.061056106
孤岛采油厂/采油管理二区,载荷,蚌埠日月仪器研究所有限公司,606,2024/2/1,54,油井功图采集系统故障诊断,27,7599.06,,,,,,,,,0.044554455
孤岛采油厂/采油管理二区,载荷,蚌埠日月仪器研究所有限公司,606,2024/3/1,10,油井功图采集系统故障诊断,5,1439.05,,,,,,,,,0.008250825
孤岛采油厂/采油管理九区,温压变,北京安控科技股份有限公司,64,2023/4/1,4,井场仪表设备故障诊断(功图部分除外),2,232,,,,,,,,,0.03125
孤岛采油厂/采油管理九区,温压变,北京安控科技股份有限公司,64,2023/5/1,16,井场仪表设备故障诊断(功图部分除外),8,928,,,,,,,,,0.125
孤岛采油厂/采油管理九区,温压变,北京安控科技股份有限公司,64,2023/6/1,6,井场仪表设备故障诊断(功图部分除外),3,348,,,,,,,,,0.046875
孤岛采油厂/采油管理九区,温压变,北京安控科技股份有限公司,64,2023/7/1,10,井场仪表设备故障诊断(功图部分除外),5,580,,,,,,,,,0.078125
孤岛采油厂/采油管理九区,温压变,北京安控科技股份有限公司,64,2023/8/1,6,井场仪表设备故障诊断(功图部分除外),3,348,,,,,,,,,0.046875
孤岛采油厂/采油管理九区,温压变,北京安控科技股份有限公司,64,2023/9/1,10,井场仪表设备故障诊断(功图部分除外),5,580,,,,,,,,,0.078125
孤岛采油厂/采油管理九区,温压变,北京安控科技股份有限公司,64,2023/10/1,6,井场仪表设备故障诊断(功图部分除外),3,348,,,,,,,,,0.046875
孤岛采油厂/采油管理九区,温压变,北京安控科技股份有限公司,64,2023/11/1,10,井场仪表设备故障诊断(功图部分除外),5,580,,,,,,,,,0.078125
孤岛采油厂/采油管理九区,温压变,北京安控科技股份有限公司,64,2023/12/1,4,井场仪表设备故障诊断(功图部分除外),2,232,,,,,,,,,0.03125
孤岛采油厂/采油管理九区,温压变,北京安控科技股份有限公司,64,2024/1/1,10,井场仪表设备故障诊断(功图部分除外),5,580,,,,,,,,,0.078125
孤岛采油厂/采油管理九区,温压变,北京安控科技股份有限公司,64,2024/2/1,10,井场仪表设备故障诊断(功图部分除外),5,580,,,,,,,,,0.078125
孤岛采油厂/采油管理九区,温压变,北京昆仑海岸传感技术有限公司,38,2023/4/1,2,井场仪表设备故障诊断(功图部分除外),1,116,,,,,,,,,0.026315789
孤岛采油厂/采油管理九区,温压变,山东胜利通海集团东营天蓝节能科技有限公司,17,2023/3/1,6,井场仪表设备故障诊断(功图部分除外),3,348,,,,,,,,,0.176470588
孤岛采油厂/采油管理九区,温压变,山东胜利通海集团东营天蓝节能科技有限公司,17,2023/5/1,4,井场仪表设备故障诊断(功图部分除外),2,232,,,,,,,,,0.117647059
孤岛采油厂/采油管理九区,温压变,山东胜利通海集团东营天蓝节能科技有限公司,17,2023/6/1,2,井场仪表设备故障诊断(功图部分除外),1,116,,,,,,,,,0.058823529
孤岛采油厂/采油管理九区,温压变,山东胜利通海集团东营天蓝节能科技有限公司,17,2023/8/1,2,井场仪表设备故障诊断(功图部分除外),1,116,,,,,,,,,0.058823529
孤岛采油厂/采油管理九区,温压变,山东胜利通海集团东营天蓝节能科技有限公司,17,2023/9/1,2,井场仪表设备故障诊断(功图部分除外),1,116,,,,,,,,,0.058823529
孤岛采油厂/采油管理九区,温压变,山东胜利通海集团东营天蓝节能科技有限公司,17,2023/12/1,2,井场仪表设备故障诊断(功图部分除外),1,116,,,,,,,,,0.058823529
孤岛采油厂/采油管理九区,温压变,山东胜利通海集团东营天蓝节能科技有限公司,17,2024/1/1,6,井场仪表设备故障诊断(功图部分除外),3,348,,,,,,,,,0.176470588
孤岛采油厂/采油管理九区,温压变,山东胜利通海集团东营天蓝节能科技有限公司,17,2024/2/1,4,井场仪表设备故障诊断(功图部分除外),2,232,,,,,,,,,0.117647059
孤岛采油厂/采油管理九区,温压变,深圳市博海粤能科技开发有限公司,93,2023/3/1,2,井场仪表设备故障诊断(功图部分除外),1,116,,,,,,,,,0.010752688
孤岛采油厂/采油管理九区,温压变,深圳市博海粤能科技开发有限公司,93,2023/4/1,10,井场仪表设备故障诊断(功图部分除外),5,580,,,,,,,,,0.053763441
孤岛采油厂/采油管理九区,温压变,深圳市博海粤能科技开发有限公司,93,2023/5/1,8,井场仪表设备故障诊断(功图部分除外),4,464,,,,,,,,,0.043010753
孤岛采油厂/采油管理九区,温压变,深圳市博海粤能科技开发有限公司,93,2023/6/1,2,井场仪表设备故障诊断(功图部分除外),1,116,,,,,,,,,0.010752688
孤岛采油厂/采油管理九区,温压变,深圳市博海粤能科技开发有限公司,93,2023/7/1,6,井场仪表设备故障诊断(功图部分除外),3,348,,,,,,,,,0.032258065
孤岛采油厂/采油管理九区,温压变,深圳市博海粤能科技开发有限公司,93,2023/8/1,10,井场仪表设备故障诊断(功图部分除外),5,580,,,,,,,,,0.053763441
孤岛采油厂/采油管理九区,温压变,深圳市博海粤能科技开发有限公司,93,2023/9/1,12,井场仪表设备故障诊断(功图部分除外),6,620.43,,,,,,,,,0.064516129
孤岛采油厂/采油管理九区,温压变,深圳市博海粤能科技开发有限公司,93,2023/10/1,10,井场仪表设备故障诊断(功图部分除外),5,580,,,,,,,,,0.053763441
孤岛采油厂/采油管理九区,温压变,深圳市博海粤能科技开发有限公司,93,2023/11/1,8,井场仪表设备故障诊断(功图部分除外),4,464,,,,,,,,,0.043010753
孤岛采油厂/采油管理九区,温压变,深圳市博海粤能科技开发有限公司,93,2023/12/1,6,井场仪表设备故障诊断(功图部分除外),3,348,,,,,,,,,0.032258065
孤岛采油厂/采油管理九区,温压变,深圳市博海粤能科技开发有限公司,93,2024/1/1,6,井场仪表设备故障诊断(功图部分除外),3,348,,,,,,,,,0.032258065
孤岛采油厂/采油管理九区,温压变,深圳市博海粤能科技开发有限公司,93,2024/2/1,8,井场仪表设备故障诊断(功图部分除外),4,464,,,,,,,,,0.043010753
孤岛采油厂/采油管理九区,温压变,胜利油田东强机电设备制造有限公司,66,2023/3/1,2,井场仪表设备故障诊断(功图部分除外),1,116,,,,,,,,,0.015151515
孤岛采油厂/采油管理九区,温压变,胜利油田东强机电设备制造有限公司,66,2023/4/1,4,井场仪表设备故障诊断(功图部分除外),2,232,,,,,,,,,0.03030303
孤岛采油厂/采油管理九区,温压变,胜利油田东强机电设备制造有限公司,66,2023/7/1,4,井场仪表设备故障诊断(功图部分除外),2,232,,,,,,,,,0.03030303
孤岛采油厂/采油管理九区,温压变,胜利油田东强机电设备制造有限公司,66,2024/1/1,8,井场仪表设备故障诊断(功图部分除外),4,464,,,,,,,,,0.060606061
孤岛采油厂/采油管理九区,温压变,胜利油田豪威科工贸有限责任公司,144,2023/3/1,18,井场仪表设备故障诊断(功图部分除外),9,1044,,,,,,,,,0.0625
孤岛采油厂/采油管理九区,温压变,胜利油田豪威科工贸有限责任公司,144,2023/4/1,16,井场仪表设备故障诊断(功图部分除外),8,928,,,,,,,,,0.055555556
孤岛采油厂/采油管理九区,温压变,胜利油田豪威科工贸有限责任公司,144,2023/5/1,2,井场仪表设备故障诊断(功图部分除外),1,116,,,,,,,,,0.006944444
孤岛采油厂/采油管理九区,温压变,胜利油田豪威科工贸有限责任公司,144,2023/6/1,16,井场仪表设备故障诊断(功图部分除外),8,928,,,,,,,,,0.055555556
孤岛采油厂/采油管理九区,温压变,胜利油田豪威科工贸有限责任公司,144,2023/7/1,2,井场仪表设备故障诊断(功图部分除外),1,116,,,,,,,,,0.006944444
孤岛采油厂/采油管理九区,温压变,胜利油田豪威科工贸有限责任公司,144,2023/8/1,6,井场仪表设备故障诊断(功图部分除外),3,348,,,,,,,,,0.020833333
孤岛采油厂/采油管理九区,温压变,胜利油田豪威科工贸有限责任公司,144,2023/9/1,24,井场仪表设备故障诊断(功图部分除外),12,1316.43,,,,,,,,,0.083333333
孤岛采油厂/采油管理九区,温压变,胜利油田豪威科工贸有限责任公司,144,2023/10/1,4,井场仪表设备故障诊断(功图部分除外),2,232,,,,,,,,,0.013888889
孤岛采油厂/采油管理九区,温压变,胜利油田豪威科工贸有限责任公司,144,2023/11/1,16,井场仪表设备故障诊断(功图部分除外),8,928,,,,,,,,,0.055555556
孤岛采油厂/采油管理九区,温压变,胜利油田豪威科工贸有限责任公司,144,2023/12/1,10,井场仪表设备故障诊断(功图部分除外),5,580,,,,,,,,,0.034722222
孤岛采油厂/采油管理九区,温压变,胜利油田豪威科工贸有限责任公司,144,2024/1/1,10,井场仪表设备故障诊断(功图部分除外),5,580,,,,,,,,,0.034722222
孤岛采油厂/采油管理九区,温压变,胜利油田豪威科工贸有限责任公司,144,2024/2/1,12,井场仪表设备故障诊断(功图部分除外),6,696,,,,,,,,,0.041666667
孤岛采油厂/采油管理九区,温压变,胜利油田物华实业发展有限公司,5,2023/7/1,2,井场仪表设备故障诊断(功图部分除外),1,116,,,,,,,,,0.2
孤岛采油厂/采油管理九区,温压变,天津市万众科技发展有限公司,62,2023/3/1,2,井场仪表设备故障诊断(功图部分除外),1,116,,,,,,,,,0.016129032
孤岛采油厂/采油管理九区,温压变,天津市万众科技发展有限公司,62,2023/5/1,2,井场仪表设备故障诊断(功图部分除外),1,116,,,,,,,,,0.016129032
孤岛采油厂/采油管理九区,温压变,天津市万众科技发展有限公司,62,2023/8/1,2,井场仪表设备故障诊断(功图部分除外),1,116,,,,,,,,,0.016129032
孤岛采油厂/采油管理九区,温压变,天津市万众科技发展有限公司,62,2023/9/1,4,井场仪表设备故障诊断(功图部分除外),2,232,,,,,,,,,0.032258065
孤岛采油厂/采油管理九区,温压变,天津市万众科技发展有限公司,62,2023/10/1,2,井场仪表设备故障诊断(功图部分除外),1,116,,,,,,,,,0.016129032
孤岛采油厂/采油管理九区,温压变,天津市万众科技发展有限公司,62,2023/11/1,6,井场仪表设备故障诊断(功图部分除外),3,348,,,,,,,,,0.048387097
孤岛采油厂/采油管理九区,温压变,天津市万众科技发展有限公司,62,2023/12/1,4,井场仪表设备故障诊断(功图部分除外),2,232,,,,,,,,,0.032258065
孤岛采油厂/采油管理九区,温压变,天津市万众科技发展有限公司,62,2024/1/1,6,井场仪表设备故障诊断(功图部分除外),3,348,,,,,,,,,0.048387097
孤岛采油厂/采油管理九区,温压变,天津万众科技股份有限公司,52,2023/3/1,2,井场仪表设备故障诊断(功图部分除外),1,116,,,,,,,,,0.019230769
孤岛采油厂/采油管理九区,温压变,天津万众科技股份有限公司,52,2023/4/1,4,井场仪表设备故障诊断(功图部分除外),2,232,,,,,,,,,0.038461538
孤岛采油厂/采油管理九区,温压变,天津万众科技股份有限公司,52,2023/5/1,8,井场仪表设备故障诊断(功图部分除外),4,464,,,,,,,,,0.076923077
孤岛采油厂/采油管理九区,温压变,天津万众科技股份有限公司,52,2023/6/1,2,井场仪表设备故障诊断(功图部分除外),1,116,,,,,,,,,0.019230769
孤岛采油厂/采油管理九区,温压变,天津万众科技股份有限公司,52,2023/7/1,12,井场仪表设备故障诊断(功图部分除外),6,696,,,,,,,,,0.115384615
孤岛采油厂/采油管理九区,温压变,天津万众科技股份有限公司,52,2023/8/1,12,井场仪表设备故障诊断(功图部分除外),6,696,,,,,,,,,0.115384615
孤岛采油厂/采油管理九区,温压变,天津万众科技股份有限公司,52,2023/10/1,12,井场仪表设备故障诊断(功图部分除外),6,696,,,,,,,,,0.115384615
孤岛采油厂/采油管理九区,温压变,天津万众科技股份有限公司,52,2023/11/1,8,井场仪表设备故障诊断(功图部分除外),4,464,,,,,,,,,0.076923077
孤岛采油厂/采油管理九区,温压变,天津万众科技股份有限公司,52,2023/12/1,4,井场仪表设备故障诊断(功图部分除外),2,232,,,,,,,,,0.038461538
孤岛采油厂/采油管理九区,温压变,天津万众科技股份有限公司,52,2024/1/1,10,井场仪表设备故障诊断(功图部分除外),5,580,,,,,,,,,0.096153846
孤岛采油厂/采油管理九区,温压变,天津万众科技股份有限公司,52,2024/2/1,10,井场仪表设备故障诊断(功图部分除外),5,580,,,,,,,,,0.096153846
孤岛采油厂/采油管理九区,载荷,蚌埠日月仪器研究所有限公司,93,2023/4/1,4,油井功图采集系统故障诊断,2,575.62,,,,,,,,,0.021505376
孤岛采油厂/采油管理九区,载荷,蚌埠日月仪器研究所有限公司,93,2023/5/1,10,油井功图采集系统故障诊断,5,1439.05,,,,,,,,,0.053763441
孤岛采油厂/采油管理九区,载荷,蚌埠日月仪器研究所有限公司,93,2023/6/1,8,油井功图采集系统故障诊断,4,1151.24,,,,,,,,,0.043010753
孤岛采油厂/采油管理九区,载荷,蚌埠日月仪器研究所有限公司,93,2023/8/1,6,油井功图采集系统故障诊断,3,863.43,,,,,,,,,0.032258065
孤岛采油厂/采油管理九区,载荷,蚌埠日月仪器研究所有限公司,93,2023/9/1,16,油井功图采集系统故障诊断,8,2302.48,,,,,,,,,0.086021505
孤岛采油厂/采油管理九区,载荷,蚌埠日月仪器研究所有限公司,93,2023/10/1,8,油井功图采集系统故障诊断,4,1151.24,,,,,,,,,0.043010753
孤岛采油厂/采油管理九区,载荷,蚌埠日月仪器研究所有限公司,93,2023/11/1,22,油井功图采集系统故障诊断,11,3165.91,,,,,,,,,0.11827957
孤岛采油厂/采油管理九区,载荷,蚌埠日月仪器研究所有限公司,93,2023/12/1,6,油井功图采集系统故障诊断,3,863.43,,,,,,,,,0.032258065
孤岛采油厂/采油管理九区,载荷,蚌埠日月仪器研究所有限公司,93,2024/1/1,10,油井功图采集系统故障诊断,5,1439.05,,,,,,,,,0.053763441
孤岛采油厂/采油管理九区,载荷,蚌埠日月仪器研究所有限公司,93,2024/2/1,6,油井功图采集系统故障诊断,3,863.43,,,,,,,,,0.032258065
孤岛采油厂/采油管理九区,载荷,蚌埠日月仪器研究所有限公司,93,2024/3/1,4,油井功图采集系统故障诊断,2,575.62,,,,,,,,,0.021505376
孤岛采油厂/采油管理九区,载荷,丹东华通测控有限公司,156,2023/3/1,10,油井功图采集系统故障诊断,5,1439.05,,,,,,,,,0.032051282
孤岛采油厂/采油管理九区,载荷,丹东华通测控有限公司,156,2023/4/1,22,油井功图采集系统故障诊断,11,3165.91,,,,,,,,,0.070512821
孤岛采油厂/采油管理九区,载荷,丹东华通测控有限公司,156,2023/5/1,16,油井功图采集系统故障诊断,8,2302.48,,,,,,,,,0.051282051
孤岛采油厂/采油管理九区,载荷,丹东华通测控有限公司,156,2023/6/1,6,油井功图采集系统故障诊断,3,863.43,,,,,,,,,0.019230769
孤岛采油厂/采油管理九区,载荷,丹东华通测控有限公司,156,2023/7/1,8,油井功图采集系统故障诊断,4,1151.24,,,,,,,,,0.025641026
孤岛采油厂/采油管理九区,载荷,丹东华通测控有限公司,156,2023/8/1,14,油井功图采集系统故障诊断,7,2014.67,,,,,,,,,0.044871795
孤岛采油厂/采油管理九区,载荷,丹东华通测控有限公司,156,2023/9/1,54,油井功图采集系统故障诊断,27,7770.87,,,,,,,,,0.173076923
孤岛采油厂/采油管理九区,载荷,丹东华通测控有限公司,156,2023/10/1,34,油井功图采集系统故障诊断,17,4892.77,,,,,,,,,0.108974359
孤岛采油厂/采油管理九区,载荷,丹东华通测控有限公司,156,2023/11/1,26,油井功图采集系统故障诊断,13,3741.53,,,,,,,,,0.083333333
孤岛采油厂/采油管理九区,载荷,丹东华通测控有限公司,156,2023/12/1,12,油井功图采集系统故障诊断,6,1726.86,,,,,,,,,0.038461538
孤岛采油厂/采油管理九区,载荷,丹东华通测控有限公司,156,2024/1/1,28,油井功图采集系统故障诊断,14,4029.34,,,,,,,,,0.08974359
孤岛采油厂/采油管理九区,载荷,丹东华通测控有限公司,156,2024/2/1,10,油井功图采集系统故障诊断,5,1439.05,,,,,,,,,0.032051282
孤岛采油厂/采油管理九区,载荷,丹东华通测控有限公司,156,2024/3/1,2,油井功图采集系统故障诊断,1,287.81,,,,,,,,,0.006410256
孤岛采油厂/采油管理六区,流量计,荆州市明德科技有限公司,36,2023/12/1,2,接转站以下流量类仪表设备故障诊断,1,256.78,,,,,,,,,0.027777778
孤岛采油厂/采油管理六区,流量计,浙江精华测控设备有限公司,182,2023/11/1,4,接转站以下流量类仪表设备故障诊断,2,513.56,,,,,,,,,0.010989011
孤岛采油厂/采油管理六区,流量计,浙江精华测控设备有限公司,182,2023/12/1,4,接转站以下流量类仪表设备故障诊断,2,513.56,,,,,,,,,0.010989011
孤岛采油厂/采油管理六区,流量计,浙江精华测控设备有限公司,182,2024/1/1,2,接转站以下流量类仪表设备故障诊断,1,256.78,,,,,,,,,0.005494505
孤岛采油厂/采油管理六区,温压变,北京安控科技股份有限公司,68,2023/3/1,4,井场仪表设备故障诊断(功图部分除外),2,232,,,,,,,,,0.029411765
孤岛采油厂/采油管理六区,温压变,北京安控科技股份有限公司,69,2023/4/1,4,井场仪表设备故障诊断(功图部分除外),2,232,,,,,,,,,0.028985507
孤岛采油厂/采油管理六区,温压变,北京安控科技股份有限公司,70,2023/5/1,6,井场仪表设备故障诊断(功图部分除外),3,348,,,,,,,,,0.042857143
孤岛采油厂/采油管理六区,温压变,北京安控科技股份有限公司,70,2023/6/1,10,井场仪表设备故障诊断(功图部分除外),5,580,,,,,,,,,0.071428571
孤岛采油厂/采油管理六区,温压变,北京安控科技股份有限公司,70,2023/7/1,12,井场仪表设备故障诊断(功图部分除外),6,696,,,,,,,,,0.085714286
孤岛采油厂/采油管理六区,温压变,北京安控科技股份有限公司,70,2023/8/1,6,井场仪表设备故障诊断(功图部分除外),3,348,,,,,,,,,0.042857143
孤岛采油厂/采油管理六区,温压变,北京安控科技股份有限公司,70,2023/9/1,10,井场仪表设备故障诊断(功图部分除外),5,580,,,,,,,,,0.071428571
孤岛采油厂/采油管理六区,温压变,北京安控科技股份有限公司,70,2023/10/1,18,井场仪表设备故障诊断(功图部分除外),9,1044,,,,,,,,,0.128571429
孤岛采油厂/采油管理六区,温压变,北京安控科技股份有限公司,70,2023/11/1,18,井场仪表设备故障诊断(功图部分除外),9,1044,,,,,,,,,0.128571429
孤岛采油厂/采油管理六区,温压变,北京安控科技股份有限公司,70,2024/1/1,22,井场仪表设备故障诊断(功图部分除外),11,1276,,,,,,,,,0.157142857
孤岛采油厂/采油管理六区,温压变,北京安控科技股份有限公司,70,2024/2/1,20,井场仪表设备故障诊断(功图部分除外),10,1160,,,,,,,,,0.142857143
孤岛采油厂/采油管理六区,温压变,北京安控科技股份有限公司,70,2024/3/1,4,井场仪表设备故障诊断(功图部分除外),2,232,,,,,,,,,0.028571429
孤岛采油厂/采油管理六区,温压变,山东胜利通海集团东营天蓝节能科技有限公司,43,2023/4/1,10,井场仪表设备故障诊断(功图部分除外),5,580,,,,,,,,,0.11627907
孤岛采油厂/采油管理六区,温压变,山东胜利通海集团东营天蓝节能科技有限公司,45,2023/5/1,2,井场仪表设备故障诊断(功图部分除外),1,116,,,,,,,,,0.022222222
孤岛采油厂/采油管理六区,温压变,山东胜利通海集团东营天蓝节能科技有限公司,49,2023/7/1,4,井场仪表设备故障诊断(功图部分除外),2,232,,,,,,,,,0.040816327
孤岛采油厂/采油管理六区,温压变,山东胜利通海集团东营天蓝节能科技有限公司,49,2023/8/1,2,井场仪表设备故障诊断(功图部分除外),1,116,,,,,,,,,0.020408163
孤岛采油厂/采油管理六区,温压变,山东胜利通海集团东营天蓝节能科技有限公司,50,2023/9/1,6,井场仪表设备故障诊断(功图部分除外),3,348,,,,,,,,,0.06
孤岛采油厂/采油管理六区,温压变,山东胜利通海集团东营天蓝节能科技有限公司,51,2023/10/1,4,井场仪表设备故障诊断(功图部分除外),2,232,,,,,,,,,0.039215686
孤岛采油厂/采油管理六区,温压变,山东胜利通海集团东营天蓝节能科技有限公司,52,2023/11/1,4,井场仪表设备故障诊断(功图部分除外),2,232,,,,,,,,,0.038461538
孤岛采油厂/采油管理六区,温压变,山东胜利通海集团东营天蓝节能科技有限公司,52,2023/12/1,10,井场仪表设备故障诊断(功图部分除外),5,541.61,,,,,,,,,0.096153846
孤岛采油厂/采油管理六区,温压变,山东胜利通海集团东营天蓝节能科技有限公司,52,2024/1/1,12,井场仪表设备故障诊断(功图部分除外),6,696,,,,,,,,,0.115384615
孤岛采油厂/采油管理六区,温压变,山东胜利通海集团东营天蓝节能科技有限公司,52,2024/2/1,14,井场仪表设备故障诊断(功图部分除外),7,812,,,,,,,,,0.134615385
孤岛采油厂/采油管理六区,温压变,深圳市博海粤能科技开发有限公司,335,2023/3/1,16,井场仪表设备故障诊断(功图部分除外),8,928,,,,,,,,,0.023880597
孤岛采油厂/采油管理六区,温压变,深圳市博海粤能科技开发有限公司,336,2023/4/1,34,井场仪表设备故障诊断(功图部分除外),17,1972,,,,,,,,,0.050595238
孤岛采油厂/采油管理六区,温压变,深圳市博海粤能科技开发有限公司,337,2023/5/1,28,井场仪表设备故障诊断(功图部分除外),14,1624,,,,,,,,,0.041543027
孤岛采油厂/采油管理六区,温压变,深圳市博海粤能科技开发有限公司,337,2023/6/1,18,井场仪表设备故障诊断(功图部分除外),9,1044,,,,,,,,,0.026706231
孤岛采油厂/采油管理六区,温压变,深圳市博海粤能科技开发有限公司,339,2023/7/1,50,井场仪表设备故障诊断(功图部分除外),25,2900,,,,,,,,,0.073746313
孤岛采油厂/采油管理六区,温压变,深圳市博海粤能科技开发有限公司,339,2023/8/1,34,井场仪表设备故障诊断(功图部分除外),17,1972,,,,,,,,,0.050147493
孤岛采油厂/采油管理六区,温压变,深圳市博海粤能科技开发有限公司,339,2023/9/1,48,井场仪表设备故障诊断(功图部分除外),24,2784,,,,,,,,,0.07079646
孤岛采油厂/采油管理六区,温压变,深圳市博海粤能科技开发有限公司,339,2023/10/1,64,井场仪表设备故障诊断(功图部分除外),32,3712,,,,,,,,,0.09439528
孤岛采油厂/采油管理六区,温压变,深圳市博海粤能科技开发有限公司,341,2023/11/1,40,井场仪表设备故障诊断(功图部分除外),20,2320,,,,,,,,,0.058651026
孤岛采油厂/采油管理六区,温压变,深圳市博海粤能科技开发有限公司,341,2023/12/1,48,井场仪表设备故障诊断(功图部分除外),24,2745.61,,,,,,,,,0.070381232
孤岛采油厂/采油管理六区,温压变,深圳市博海粤能科技开发有限公司,341,2024/1/1,38,井场仪表设备故障诊断(功图部分除外),19,2204,,,,,,,,,0.055718475
孤岛采油厂/采油管理六区,温压变,深圳市博海粤能科技开发有限公司,341,2024/2/1,28,井场仪表设备故障诊断(功图部分除外),14,1624,,,,,,,,,0.041055718
孤岛采油厂/采油管理六区,温压变,深圳市博海粤能科技开发有限公司,341,2024/3/1,8,井场仪表设备故障诊断(功图部分除外),4,464,,,,,,,,,0.011730205
孤岛采油厂/采油管理六区,温压变,胜利油田豪威科工贸有限责任公司,579,2023/3/1,4,井场仪表设备故障诊断(功图部分除外),2,232,,,,,,,,,0.003454231
孤岛采油厂/采油管理六区,温压变,胜利油田豪威科工贸有限责任公司,582,2023/4/1,20,井场仪表设备故障诊断(功图部分除外),10,1160,,,,,,,,,0.017182131
孤岛采油厂/采油管理六区,温压变,胜利油田豪威科工贸有限责任公司,583,2023/5/1,44,井场仪表设备故障诊断(功图部分除外),22,2552,,,,,,,,,0.037735849
孤岛采油厂/采油管理六区,温压变,胜利油田豪威科工贸有限责任公司,585,2023/6/1,30,井场仪表设备故障诊断(功图部分除外),15,1740,,,,,,,,,0.025641026
孤岛采油厂/采油管理六区,温压变,胜利油田豪威科工贸有限责任公司,587,2023/7/1,48,井场仪表设备故障诊断(功图部分除外),24,2784,,,,,,,,,0.04088586
孤岛采油厂/采油管理六区,温压变,胜利油田豪威科工贸有限责任公司,587,2023/8/1,48,井场仪表设备故障诊断(功图部分除外),24,2784,,,,,,,,,0.04088586
孤岛采油厂/采油管理六区,温压变,胜利油田豪威科工贸有限责任公司,587,2023/9/1,50,井场仪表设备故障诊断(功图部分除外),25,2900,,,,,,,,,0.042589438
孤岛采油厂/采油管理六区,温压变,胜利油田豪威科工贸有限责任公司,587,2023/10/1,64,井场仪表设备故障诊断(功图部分除外),32,3712,,,,,,,,,0.05451448
孤岛采油厂/采油管理六区,温压变,胜利油田豪威科工贸有限责任公司,588,2023/11/1,44,井场仪表设备故障诊断(功图部分除外),22,2552,,,,,,,,,0.037414966
孤岛采油厂/采油管理六区,温压变,胜利油田豪威科工贸有限责任公司,588,2023/12/1,52,井场仪表设备故障诊断(功图部分除外),26,2977.61,,,,,,,,,0.044217687
孤岛采油厂/采油管理六区,温压变,胜利油田豪威科工贸有限责任公司,588,2024/1/1,38,井场仪表设备故障诊断(功图部分除外),19,2204,,,,,,,,,0.032312925
孤岛采油厂/采油管理六区,温压变,胜利油田豪威科工贸有限责任公司,588,2024/2/1,40,井场仪表设备故障诊断(功图部分除外),20,2320,,,,,,,,,0.034013605
孤岛采油厂/采油管理六区,温压变,胜利油田豪威科工贸有限责任公司,588,2024/3/1,4,井场仪表设备故障诊断(功图部分除外),2,232,,,,,,,,,0.003401361
孤岛采油厂/采油管理六区,温压变,胜利油田物华实业发展有限公司,9,2023/3/1,2,井场仪表设备故障诊断(功图部分除外),1,116,,,,,,,,,0.111111111
孤岛采油厂/采油管理六区,温压变,胜利油田物华实业发展有限公司,9,2023/4/1,4,井场仪表设备故障诊断(功图部分除外),2,232,,,,,,,,,0.222222222
孤岛采油厂/采油管理六区,温压变,胜利油田物华实业发展有限公司,9,2023/5/1,2,井场仪表设备故障诊断(功图部分除外),1,116,,,,,,,,,0.111111111
孤岛采油厂/采油管理六区,温压变,胜利油田物华实业发展有限公司,10,2023/8/1,2,井场仪表设备故障诊断(功图部分除外),1,116,,,,,,,,,0.1
孤岛采油厂/采油管理六区,温压变,胜利油田物华实业发展有限公司,10,2023/10/1,4,井场仪表设备故障诊断(功图部分除外),2,232,,,,,,,,,0.2
孤岛采油厂/采油管理六区,温压变,胜利油田物华实业发展有限公司,10,2023/11/1,2,井场仪表设备故障诊断(功图部分除外),1,116,,,,,,,,,0.1
孤岛采油厂/采油管理六区,温压变,胜利油田物华实业发展有限公司,10,2023/12/1,2,井场仪表设备故障诊断(功图部分除外),1,116,,,,,,,,,0.1
孤岛采油厂/采油管理六区,温压变,胜利油田物华实业发展有限公司,10,2024/1/1,2,井场仪表设备故障诊断(功图部分除外),1,116,,,,,,,,,0.1
孤岛采油厂/采油管理六区,温压变,天津市万众科技发展有限公司,158,2023/3/1,20,井场仪表设备故障诊断(功图部分除外),10,1160,,,,,,,,,0.063291139
孤岛采油厂/采油管理六区,温压变,天津市万众科技发展有限公司,159,2023/4/1,8,井场仪表设备故障诊断(功图部分除外),4,464,,,,,,,,,0.025157233
孤岛采油厂/采油管理六区,温压变,天津市万众科技发展有限公司,161,2023/5/1,8,井场仪表设备故障诊断(功图部分除外),4,464,,,,,,,,,0.02484472
孤岛采油厂/采油管理六区,温压变,天津市万众科技发展有限公司,164,2023/6/1,14,井场仪表设备故障诊断(功图部分除外),7,812,,,,,,,,,0.042682927
孤岛采油厂/采油管理六区,温压变,天津市万众科技发展有限公司,166,2023/7/1,26,井场仪表设备故障诊断(功图部分除外),13,1508,,,,,,,,,0.078313253
孤岛采油厂/采油管理六区,温压变,天津市万众科技发展有限公司,166,2023/8/1,28,井场仪表设备故障诊断(功图部分除外),14,1624,,,,,,,,,0.084337349
孤岛采油厂/采油管理六区,温压变,天津市万众科技发展有限公司,166,2023/9/1,28,井场仪表设备故障诊断(功图部分除外),14,1624,,,,,,,,,0.084337349
孤岛采油厂/采油管理六区,温压变,天津市万众科技发展有限公司,166,2023/10/1,38,仪表电池更换 就地,19,2101.75,,,,,,,,,0.114457831
孤岛采油厂/采油管理六区,温压变,天津市万众科技发展有限公司,166,2023/11/1,20,井场仪表设备故障诊断(功图部分除外),10,1160,,,,,,,,,0.060240964
孤岛采油厂/采油管理六区,温压变,天津市万众科技发展有限公司,166,2023/12/1,42,井场仪表设备故障诊断(功图部分除外),21,2436,,,,,,,,,0.126506024
孤岛采油厂/采油管理六区,温压变,天津市万众科技发展有限公司,166,2024/1/1,40,井场仪表设备故障诊断(功图部分除外),20,2320,,,,,,,,,0.120481928
孤岛采油厂/采油管理六区,温压变,天津市万众科技发展有限公司,166,2024/2/1,30,井场仪表设备故障诊断(功图部分除外),15,1740,,,,,,,,,0.090361446
孤岛采油厂/采油管理六区,温压变,天津市万众科技发展有限公司,166,2024/3/1,6,井场仪表设备故障诊断(功图部分除外),3,348,,,,,,,,,0.018072289
孤岛采油厂/采油管理六区,温压变,天津万众科技股份有限公司,135,2023/3/1,8,井场仪表设备故障诊断(功图部分除外),4,464,,,,,,,,,0.02962963
孤岛采油厂/采油管理六区,温压变,天津万众科技股份有限公司,159,2023/4/1,10,井场仪表设备故障诊断(功图部分除外),5,580,,,,,,,,,0.031446541
孤岛采油厂/采油管理六区,温压变,天津万众科技股份有限公司,171,2023/5/1,8,井场仪表设备故障诊断(功图部分除外),4,464,,,,,,,,,0.023391813
孤岛采油厂/采油管理六区,温压变,天津万众科技股份有限公司,177,2023/6/1,30,井场仪表设备故障诊断(功图部分除外),15,1740,,,,,,,,,0.084745763
孤岛采油厂/采油管理六区,温压变,天津万众科技股份有限公司,185,2023/7/1,16,井场仪表设备故障诊断(功图部分除外),8,928,,,,,,,,,0.043243243
孤岛采油厂/采油管理六区,温压变,天津万众科技股份有限公司,186,2023/8/1,20,仪表电池更换 就地,10,853.25,,,,,,,,,0.053763441
孤岛采油厂/采油管理六区,温压变,天津万众科技股份有限公司,194,2023/9/1,14,井场仪表设备故障诊断(功图部分除外),7,812,,,,,,,,,0.036082474
孤岛采油厂/采油管理六区,温压变,天津万众科技股份有限公司,197,2023/10/1,16,仪表电池更换 就地,8,723.5,,,,,,,,,0.040609137
孤岛采油厂/采油管理六区,温压变,天津万众科技股份有限公司,197,2023/11/1,48,井场仪表设备故障诊断(功图部分除外),24,2784,,,,,,,,,0.121827411
孤岛采油厂/采油管理六区,温压变,天津万众科技股份有限公司,198,2023/12/1,32,井场仪表设备故障诊断(功图部分除外),16,1856,,,,,,,,,0.080808081
孤岛采油厂/采油管理六区,温压变,天津万众科技股份有限公司,198,2024/1/1,26,井场仪表设备故障诊断(功图部分除外),13,1508,,,,,,,,,0.065656566
孤岛采油厂/采油管理六区,温压变,天津万众科技股份有限公司,198,2024/2/1,36,井场仪表设备故障诊断(功图部分除外),18,2088,,,,,,,,,0.090909091
孤岛采油厂/采油管理六区,温压变,天津万众科技股份有限公司,198,2024/3/1,4,井场仪表设备故障诊断(功图部分除外),2,232,,,,,,,,,0.01010101
孤岛采油厂/采油管理六区,载荷,蚌埠日月仪器研究所有限公司,113,2023/3/1,8,油井功图采集系统故障诊断,4,1151.24,,,,,,,,,0.03539823
孤岛采油厂/采油管理六区,载荷,蚌埠日月仪器研究所有限公司,114,2023/4/1,20,油井功图采集系统故障诊断,10,2706.29,,,,,,,,,0.087719298
孤岛采油厂/采油管理六区,载荷,蚌埠日月仪器研究所有限公司,114,2023/5/1,6,油井功图采集系统故障诊断,3,863.43,,,,,,,,,0.026315789
孤岛采油厂/采油管理六区,载荷,蚌埠日月仪器研究所有限公司,114,2023/6/1,8,油井功图采集系统故障诊断,4,1151.24,,,,,,,,,0.035087719
孤岛采油厂/采油管理六区,载荷,蚌埠日月仪器研究所有限公司,114,2023/7/1,8,油井功图采集系统故障诊断,4,1151.24,,,,,,,,,0.035087719
孤岛采油厂/采油管理六区,载荷,蚌埠日月仪器研究所有限公司,114,2023/8/1,2,油井功图采集系统故障诊断,1,287.81,,,,,,,,,0.00877193
孤岛采油厂/采油管理六区,载荷,蚌埠日月仪器研究所有限公司,116,2023/9/1,2,油井功图采集系统故障诊断,1,287.81,,,,,,,,,0.00862069
孤岛采油厂/采油管理六区,载荷,蚌埠日月仪器研究所有限公司,117,2023/10/1,24,油井功图采集系统故障诊断,12,3179.66,,,,,,,,,0.102564103
孤岛采油厂/采油管理六区,载荷,蚌埠日月仪器研究所有限公司,117,2023/11/1,12,油井功图采集系统故障诊断,6,1726.86,,,,,,,,,0.051282051
孤岛采油厂/采油管理六区,载荷,蚌埠日月仪器研究所有限公司,118,2023/12/1,12,油井功图采集系统故障诊断,6,1726.86,,,,,,,,,0.050847458
孤岛采油厂/采油管理六区,载荷,蚌埠日月仪器研究所有限公司,118,2024/1/1,8,油井功图采集系统故障诊断,4,1151.24,,,,,,,,,0.033898305
孤岛采油厂/采油管理六区,载荷,蚌埠日月仪器研究所有限公司,118,2024/2/1,6,油井功图采集系统故障诊断,3,863.43,,,,,,,,,0.025423729
孤岛采油厂/采油管理六区,载荷,蚌埠日月仪器研究所有限公司,118,2024/3/1,2,油井功图采集系统故障诊断,1,287.81,,,,,,,,,0.008474576
孤岛采油厂/采油管理六区,载荷,丹东华通测控有限公司,630,2023/3/1,14,油井功图采集系统故障诊断,7,2014.67,,,,,,,,,0.011111111
孤岛采油厂/采油管理六区,载荷,丹东华通测控有限公司,630,2023/4/1,48,油井功图采集系统故障诊断,24,6359.32,,,,,,,,,0.038095238
孤岛采油厂/采油管理六区,载荷,丹东华通测控有限公司,630,2023/5/1,30,油井功图采集系统故障诊断,15,4317.15,,,,,,,,,0.023809524
孤岛采油厂/采油管理六区,载荷,丹东华通测控有限公司,630,2023/6/1,86,油井功图采集系统故障诊断,43,12375.83,,,,,,,,,0.068253968
孤岛采油厂/采油管理六区,载荷,丹东华通测控有限公司,630,2023/7/1,38,油井功图采集系统故障诊断,19,5468.39,,,,,,,,,0.03015873
孤岛采油厂/采油管理六区,载荷,丹东华通测控有限公司,630,2023/8/1,26,油井功图采集系统故障诊断,13,3741.53,,,,,,,,,0.020634921
孤岛采油厂/采油管理六区,载荷,丹东华通测控有限公司,630,2023/9/1,26,油井功图采集系统故障诊断,13,3741.53,,,,,,,,,0.020634921
孤岛采油厂/采油管理六区,载荷,丹东华通测控有限公司,630,2023/10/1,70,油井功图采集系统故障诊断,35,10073.35,,,,,,,,,0.055555556
孤岛采油厂/采油管理六区,载荷,丹东华通测控有限公司,631,2023/11/1,46,油井功图采集系统故障诊断,23,6619.63,,,,,,,,,0.036450079
孤岛采油厂/采油管理六区,载荷,丹东华通测控有限公司,631,2023/12/1,46,油井功图采集系统故障诊断,23,6619.63,,,,,,,,,0.036450079
孤岛采油厂/采油管理六区,载荷,丹东华通测控有限公司,631,2024/1/1,56,油井功图采集系统故障诊断,28,8058.68,,,,,,,,,0.04437401
孤岛采油厂/采油管理六区,载荷,丹东华通测控有限公司,631,2024/2/1,54,油井功图采集系统故障诊断,27,7427.25,,,,,,,,,0.042789223
孤岛采油厂/采油管理六区,载荷,丹东华通测控有限公司,631,2024/3/1,40,油井功图采集系统故障诊断,20,5412.58,,,,,,,,,0.031695721
孤岛采油厂/采油管理六区,载荷,天津市万众科技发展有限公司,19,2023/3/1,6,油井功图采集系统故障诊断,3,863.43,,,,,,,,,0.157894737
孤岛采油厂/采油管理六区,载荷,天津市万众科技发展有限公司,22,2023/4/1,6,油井功图采集系统故障诊断,3,863.43,,,,,,,,,0.136363636
孤岛采油厂/采油管理六区,载荷,天津市万众科技发展有限公司,27,2023/5/1,12,油井功图采集系统故障诊断,6,1726.86,,,,,,,,,0.222222222
孤岛采油厂/采油管理六区,载荷,天津市万众科技发展有限公司,28,2023/6/1,6,油井功图采集系统故障诊断,3,863.43,,,,,,,,,0.107142857
孤岛采油厂/采油管理六区,载荷,天津市万众科技发展有限公司,30,2023/7/1,2,油井功图采集系统故障诊断,1,287.81,,,,,,,,,0.033333333
孤岛采油厂/采油管理六区,载荷,天津市万众科技发展有限公司,30,2023/8/1,12,油井功图采集系统故障诊断,6,1726.86,,,,,,,,,0.2
孤岛采油厂/采油管理六区,载荷,天津市万众科技发展有限公司,30,2023/9/1,4,油井功图采集系统故障诊断,2,575.62,,,,,,,,,0.066666667
孤岛采油厂/采油管理六区,载荷,天津市万众科技发展有限公司,30,2023/10/1,8,油井功图采集系统故障诊断,4,1151.24,,,,,,,,,0.133333333
孤岛采油厂/采油管理六区,载荷,天津市万众科技发展有限公司,30,2023/11/1,12,油井功图采集系统故障诊断,6,1726.86,,,,,,,,,0.2
孤岛采油厂/采油管理六区,载荷,天津市万众科技发展有限公司,30,2023/12/1,8,油井功图采集系统故障诊断,4,1151.24,,,,,,,,,0.133333333
孤岛采油厂/采油管理六区,载荷,天津市万众科技发展有限公司,30,2024/1/1,8,油井功图采集系统故障诊断,4,1151.24,,,,,,,,,0.133333333
孤岛采油厂/采油管理六区,载荷,天津市万众科技发展有限公司,30,2024/2/1,8,油井功图采集系统故障诊断,4,1151.24,,,,,,,,,0.133333333
孤岛采油厂/采油管理六区,载荷,天津市万众科技发展有限公司,30,2024/3/1,2,油井功图采集系统故障诊断,1,287.81,,,,,,,,,0.033333333
孤岛采油厂/采油管理六区,载荷,天津万众科技股份有限公司,17,2023/5/1,2,油井功图采集系统故障诊断,1,287.81,,,,,,,,,0.058823529
孤岛采油厂/采油管理六区,载荷,天津万众科技股份有限公司,18,2023/6/1,2,油井功图采集系统故障诊断,1,287.81,,,,,,,,,0.055555556
孤岛采油厂/采油管理六区,载荷,天津万众科技股份有限公司,20,2023/9/1,2,油井功图采集系统故障诊断,1,287.81,,,,,,,,,0.05
孤岛采油厂/采油管理六区,载荷,天津万众科技股份有限公司,20,2023/10/1,12,油井功图采集系统故障诊断,6,1726.86,,,,,,,,,0.3
孤岛采油厂/采油管理七区,温压变,北京安控科技股份有限公司,118,2023/3/1,2,井场仪表设备故障诊断(功图部分除外),1,116,,,,,,,,,0.008474576
孤岛采油厂/采油管理七区,温压变,北京安控科技股份有限公司,118,2023/5/1,6,井场仪表设备故障诊断(功图部分除外),3,348,,,,,,,,,0.025423729
孤岛采油厂/采油管理七区,温压变,北京安控科技股份有限公司,118,2023/6/1,2,井场仪表设备故障诊断(功图部分除外),1,116,,,,,,,,,0.008474576
孤岛采油厂/采油管理七区,温压变,北京安控科技股份有限公司,118,2023/7/1,6,井场仪表设备故障诊断(功图部分除外),3,348,,,,,,,,,0.025423729
孤岛采油厂/采油管理七区,温压变,北京安控科技股份有限公司,118,2023/8/1,4,井场仪表设备故障诊断(功图部分除外),2,232,,,,,,,,,0.016949153
孤岛采油厂/采油管理七区,温压变,江苏淮大科技集团有限公司,1,2023/5/1,2,井场仪表设备故障诊断(功图部分除外),1,116,,,,,,,,,1
孤岛采油厂/采油管理七区,温压变,山东胜利通海集团东营天蓝节能科技有限公司,144,2023/5/1,2,井场仪表设备故障诊断(功图部分除外),1,116,,,,,,,,,0.006944444
孤岛采油厂/采油管理七区,温压变,山东胜利通海集团东营天蓝节能科技有限公司,144,2023/8/1,2,井场仪表设备故障诊断(功图部分除外),1,116,,,,,,,,,0.006944444
孤岛采油厂/采油管理七区,温压变,深圳市博海粤能科技开发有限公司,67,2023/6/1,6,井场仪表设备故障诊断(功图部分除外),3,348,,,,,,,,,0.044776119
孤岛采油厂/采油管理七区,温压变,深圳市博海粤能科技开发有限公司,67,2023/7/1,2,井场仪表设备故障诊断(功图部分除外),1,116,,,,,,,,,0.014925373
孤岛采油厂/采油管理七区,温压变,深圳市博海粤能科技开发有限公司,67,2023/8/1,6,井场仪表设备故障诊断(功图部分除外),3,348,,,,,,,,,0.044776119
孤岛采油厂/采油管理七区,温压变,胜利油田豪威科工贸有限责任公司,171,2023/3/1,2,井场仪表设备故障诊断(功图部分除外),1,116,,,,,,,,,0.005847953
孤岛采油厂/采油管理七区,温压变,胜利油田豪威科工贸有限责任公司,171,2023/4/1,4,井场仪表设备故障诊断(功图部分除外),2,232,,,,,,,,,0.011695906
孤岛采油厂/采油管理七区,温压变,胜利油田豪威科工贸有限责任公司,171,2023/6/1,2,井场仪表设备故障诊断(功图部分除外),1,116,,,,,,,,,0.005847953
孤岛采油厂/采油管理七区,温压变,胜利油田豪威科工贸有限责任公司,171,2023/8/1,2,井场仪表设备故障诊断(功图部分除外),1,116,,,,,,,,,0.005847953
孤岛采油厂/采油管理七区,温压变,胜利油田物华实业发展有限公司,35,2023/4/1,2,井场仪表设备故障诊断(功图部分除外),1,116,,,,,,,,,0.028571429
孤岛采油厂/采油管理七区,温压变,天津市万众科技发展有限公司,142,2023/4/1,8,井场仪表设备故障诊断(功图部分除外),4,464,,,,,,,,,0.028169014
孤岛采油厂/采油管理七区,温压变,天津市万众科技发展有限公司,143,2023/6/1,2,井场仪表设备故障诊断(功图部分除外),1,116,,,,,,,,,0.006993007
孤岛采油厂/采油管理七区,温压变,天津市万众科技发展有限公司,143,2023/8/1,6,井场仪表设备故障诊断(功图部分除外),3,348,,,,,,,,,0.020979021
孤岛采油厂/采油管理七区,温压变,天津万众科技股份有限公司,79,2023/3/1,2,井场仪表设备故障诊断(功图部分除外),1,116,,,,,,,,,0.012658228
孤岛采油厂/采油管理七区,温压变,天津万众科技股份有限公司,80,2023/8/1,4,井场仪表设备故障诊断(功图部分除外),2,232,,,,,,,,,0.025
孤岛采油厂/采油管理七区,载荷,蚌埠日月仪器研究所有限公司,15,2023/4/1,2,油井功图采集系统故障诊断,1,287.81,,,,,,,,,0.066666667
孤岛采油厂/采油管理七区,载荷,蚌埠日月仪器研究所有限公司,15,2023/5/1,2,油井功图采集系统故障诊断,1,287.81,,,,,,,,,0.066666667
孤岛采油厂/采油管理七区,载荷,蚌埠日月仪器研究所有限公司,15,2023/6/1,2,油井功图采集系统故障诊断,1,287.81,,,,,,,,,0.066666667
孤岛采油厂/采油管理七区,载荷,蚌埠日月仪器研究所有限公司,15,2023/8/1,2,油井功图采集系统故障诊断,1,287.81,,,,,,,,,0.066666667
孤岛采油厂/采油管理七区,载荷,丹东华通测控有限公司,267,2023/3/1,20,油井功图采集系统故障诊断,10,2878.1,,,,,,,,,0.037453184
孤岛采油厂/采油管理七区,载荷,丹东华通测控有限公司,267,2023/4/1,28,载荷传感器调试 无线,14,3808.39,,,,,,,,,0.052434457
孤岛采油厂/采油管理七区,载荷,丹东华通测控有限公司,267,2023/5/1,20,油井功图采集系统故障诊断,10,2878.1,,,,,,,,,0.037453184
孤岛采油厂/采油管理七区,载荷,丹东华通测控有限公司,267,2023/6/1,18,油井功图采集系统故障诊断,9,2590.29,,,,,,,,,0.033707865
孤岛采油厂/采油管理七区,载荷,丹东华通测控有限公司,267,2023/7/1,8,油井功图采集系统故障诊断,4,1151.24,,,,,,,,,0.014981273
孤岛采油厂/采油管理七区,载荷,丹东华通测控有限公司,267,2023/8/1,14,油井功图采集系统故障诊断,7,2014.67,,,,,,,,,0.026217228
孤岛采油厂/采油管理三区,流量计,浙江精华测控设备有限公司,152,2023/9/1,2,接转站以下流量类仪表设备故障诊断,1,256.78,,,,,,,,,0.006578947
孤岛采油厂/采油管理十区,温压变,北京安控科技股份有限公司,6,2023/5/1,2,井场仪表设备故障诊断(功图部分除外),1,116,,,,,,,,,0.166666667
孤岛采油厂/采油管理十区,温压变,北京安控科技股份有限公司,6,2023/9/1,2,井场仪表设备故障诊断(功图部分除外),1,116,,,,,,,,,0.166666667
孤岛采油厂/采油管理十区,温压变,山东胜利通海集团东营天蓝节能科技有限公司,2,2023/6/1,2,井场仪表设备故障诊断(功图部分除外),1,116,,,,,,,,,0.5
孤岛采油厂/采油管理十区,温压变,深圳市博海粤能科技开发有限公司,39,2023/4/1,6,井场仪表设备故障诊断(功图部分除外),3,348,,,,,,,,,0.076923077
孤岛采油厂/采油管理十区,温压变,深圳市博海粤能科技开发有限公司,39,2023/5/1,2,井场仪表设备故障诊断(功图部分除外),1,116,,,,,,,,,0.025641026
孤岛采油厂/采油管理十区,温压变,深圳市博海粤能科技开发有限公司,40,2023/7/1,4,井场仪表设备故障诊断(功图部分除外),2,232,,,,,,,,,0.05
孤岛采油厂/采油管理十区,温压变,深圳市博海粤能科技开发有限公司,40,2023/9/1,4,井场仪表设备故障诊断(功图部分除外),2,232,,,,,,,,,0.05
孤岛采油厂/采油管理十区,温压变,胜利油田豪威科工贸有限责任公司,130,2023/3/1,2,井场仪表设备故障诊断(功图部分除外),1,116,,,,,,,,,0.007692308
孤岛采油厂/采油管理十区,温压变,胜利油田豪威科工贸有限责任公司,130,2023/4/1,24,井场仪表设备故障诊断(功图部分除外),12,1392,,,,,,,,,0.092307692
孤岛采油厂/采油管理十区,温压变,胜利油田豪威科工贸有限责任公司,136,2023/5/1,32,井场仪表设备故障诊断(功图部分除外),16,1856,,,,,,,,,0.117647059
孤岛采油厂/采油管理十区,温压变,胜利油田豪威科工贸有限责任公司,140,2023/6/1,2,井场仪表设备故障诊断(功图部分除外),1,116,,,,,,,,,0.007142857
孤岛采油厂/采油管理十区,温压变,胜利油田豪威科工贸有限责任公司,140,2023/7/1,8,井场仪表设备故障诊断(功图部分除外),4,464,,,,,,,,,0.028571429
孤岛采油厂/采油管理十区,温压变,胜利油田豪威科工贸有限责任公司,141,2023/8/1,4,井场仪表设备故障诊断(功图部分除外),2,232,,,,,,,,,0.014184397
孤岛采油厂/采油管理十区,温压变,胜利油田豪威科工贸有限责任公司,143,2023/9/1,4,井场仪表设备故障诊断(功图部分除外),2,232,,,,,,,,,0.013986014
孤岛采油厂/采油管理十区,温压变,胜利油田豪威科工贸有限责任公司,143,2023/10/1,4,井场仪表设备故障诊断(功图部分除外),2,232,,,,,,,,,0.013986014
孤岛采油厂/采油管理十区,温压变,胜利油田豪威科工贸有限责任公司,143,2023/11/1,4,井场仪表设备故障诊断(功图部分除外),2,232,,,,,,,,,0.013986014
孤岛采油厂/采油管理十区,温压变,胜利油田豪威科工贸有限责任公司,143,2024/1/1,12,井场仪表设备故障诊断(功图部分除外),6,696,,,,,,,,,0.041958042
孤岛采油厂/采油管理十区,温压变,胜利油田豪威科工贸有限责任公司,143,2024/2/1,14,井场仪表设备故障诊断(功图部分除外),7,812,,,,,,,,,0.048951049
孤岛采油厂/采油管理十区,温压变,胜利油田物华实业发展有限公司,2,2023/4/1,4,井场仪表设备故障诊断(功图部分除外),2,232,,,,,,,,,1
孤岛采油厂/采油管理十区,温压变,天津市万众科技发展有限公司,149,2023/7/1,2,井场仪表设备故障诊断(功图部分除外),1,116,,,,,,,,,0.006711409
孤岛采油厂/采油管理十区,温压变,天津市万众科技发展有限公司,150,2023/9/1,8,井场仪表设备故障诊断(功图部分除外),4,464,,,,,,,,,0.026666667
孤岛采油厂/采油管理十区,温压变,天津市万众科技发展有限公司,150,2023/11/1,2,井场仪表设备故障诊断(功图部分除外),1,116,,,,,,,,,0.006666667
孤岛采油厂/采油管理十区,温压变,天津市万众科技发展有限公司,150,2023/12/1,2,井场仪表设备故障诊断(功图部分除外),1,116,,,,,,,,,0.006666667
孤岛采油厂/采油管理十区,温压变,天津市万众科技发展有限公司,150,2024/1/1,2,井场仪表设备故障诊断(功图部分除外),1,116,,,,,,,,,0.006666667
孤岛采油厂/采油管理十区,温压变,天津万众科技股份有限公司,29,2023/3/1,2,井场仪表设备故障诊断(功图部分除外),1,116,,,,,,,,,0.034482759
孤岛采油厂/采油管理十区,温压变,天津万众科技股份有限公司,50,2023/4/1,12,井场仪表设备故障诊断(功图部分除外),6,696,,,,,,,,,0.12
孤岛采油厂/采油管理十区,温压变,天津万众科技股份有限公司,52,2023/5/1,4,井场仪表设备故障诊断(功图部分除外),2,232,,,,,,,,,0.038461538
孤岛采油厂/采油管理十区,温压变,天津万众科技股份有限公司,53,2023/6/1,4,井场仪表设备故障诊断(功图部分除外),2,232,,,,,,,,,0.037735849
孤岛采油厂/采油管理十区,温压变,天津万众科技股份有限公司,54,2023/7/1,2,井场仪表设备故障诊断(功图部分除外),1,116,,,,,,,,,0.018518519
孤岛采油厂/采油管理十区,温压变,天津万众科技股份有限公司,56,2023/8/1,4,井场仪表设备故障诊断(功图部分除外),2,232,,,,,,,,,0.035714286
孤岛采油厂/采油管理十区,温压变,天津万众科技股份有限公司,56,2023/9/1,6,井场仪表设备故障诊断(功图部分除外),3,348,,,,,,,,,0.053571429
孤岛采油厂/采油管理十区,温压变,天津万众科技股份有限公司,56,2023/11/1,8,井场仪表设备故障诊断(功图部分除外),4,464,,,,,,,,,0.071428571
孤岛采油厂/采油管理十区,载荷,蚌埠日月仪器研究所有限公司,102,2023/3/1,12,油井功图采集系统故障诊断,6,1726.86,,,,,,,,,0.058823529
孤岛采油厂/采油管理十区,载荷,蚌埠日月仪器研究所有限公司,102,2023/4/1,4,油井功图采集系统故障诊断,2,575.62,,,,,,,,,0.019607843
孤岛采油厂/采油管理十区,载荷,蚌埠日月仪器研究所有限公司,102,2023/5/1,10,油井功图采集系统故障诊断,5,1439.05,,,,,,,,,0.049019608
孤岛采油厂/采油管理十区,载荷,蚌埠日月仪器研究所有限公司,102,2023/7/1,18,油井功图采集系统故障诊断,9,2316.23,,,,,,,,,0.088235294
孤岛采油厂/采油管理十区,载荷,蚌埠日月仪器研究所有限公司,102,2023/8/1,30,油井功图采集系统故障诊断,15,3769.03,,,,,,,,,0.147058824
孤岛采油厂/采油管理十区,载荷,蚌埠日月仪器研究所有限公司,102,2023/9/1,12,油井功图采集系统故障诊断,6,1726.86,,,,,,,,,0.058823529
孤岛采油厂/采油管理十区,载荷,蚌埠日月仪器研究所有限公司,102,2023/10/1,24,油井功图采集系统故障诊断,12,3453.72,,,,,,,,,0.117647059
孤岛采油厂/采油管理十区,载荷,蚌埠日月仪器研究所有限公司,102,2023/11/1,26,油井功图采集系统故障诊断,13,3741.53,,,,,,,,,0.12745098
孤岛采油厂/采油管理十区,载荷,蚌埠日月仪器研究所有限公司,102,2023/12/1,4,油井功图采集系统故障诊断,2,575.62,,,,,,,,,0.019607843
孤岛采油厂/采油管理十区,载荷,蚌埠日月仪器研究所有限公司,102,2024/1/1,2,油井功图采集系统故障诊断,1,287.81,,,,,,,,,0.009803922
孤岛采油厂/采油管理十区,载荷,丹东华通测控有限公司,92,2023/3/1,10,油井功图采集系统故障诊断,5,1439.05,,,,,,,,,0.054347826
孤岛采油厂/采油管理十区,载荷,丹东华通测控有限公司,92,2023/4/1,4,油井功图采集系统故障诊断,2,575.62,,,,,,,,,0.02173913
孤岛采油厂/采油管理十区,载荷,丹东华通测控有限公司,92,2023/5/1,6,油井功图采集系统故障诊断,3,863.43,,,,,,,,,0.032608696
孤岛采油厂/采油管理十区,载荷,丹东华通测控有限公司,92,2023/6/1,8,油井功图采集系统故障诊断,4,1151.24,,,,,,,,,0.043478261
孤岛采油厂/采油管理十区,载荷,丹东华通测控有限公司,92,2023/7/1,20,油井功图采集系统故障诊断,10,2604.04,,,,,,,,,0.108695652
孤岛采油厂/采油管理十区,载荷,丹东华通测控有限公司,92,2023/8/1,18,油井功图采集系统故障诊断,9,2590.29,,,,,,,,,0.097826087
孤岛采油厂/采油管理十区,载荷,丹东华通测控有限公司,92,2023/9/1,22,油井功图采集系统故障诊断,11,3165.91,,,,,,,,,0.119565217
孤岛采油厂/采油管理十区,载荷,丹东华通测控有限公司,92,2023/10/1,10,油井功图采集系统故障诊断,5,1439.05,,,,,,,,,0.054347826
孤岛采油厂/采油管理十区,载荷,丹东华通测控有限公司,92,2023/11/1,2,油井功图采集系统故障诊断,1,287.81,,,,,,,,,0.010869565
孤岛采油厂/采油管理十区,载荷,丹东华通测控有限公司,92,2023/12/1,4,油井功图采集系统故障诊断,2,575.62,,,,,,,,,0.02173913
孤岛采油厂/采油管理十区,载荷,丹东华通测控有限公司,92,2024/1/1,8,油井功图采集系统故障诊断,4,1151.24,,,,,,,,,0.043478261
孤岛采油厂/采油管理十区,载荷,丹东华通测控有限公司,92,2024/2/1,4,油井功图采集系统故障诊断,2,575.62,,,,,,,,,0.02173913
孤岛采油厂/采油管理四区,流量计,荆州市明德科技有限公司,161,2023/3/1,8,接转站以下流量类仪表设备故障诊断,4,1027.12,,,,,,,,,0.02484472
孤岛采油厂/采油管理四区,流量计,荆州市明德科技有限公司,164,2023/4/1,10,接转站以下流量类仪表设备故障诊断,5,1283.9,,,,,,,,,0.030487805
孤岛采油厂/采油管理四区,流量计,荆州市明德科技有限公司,166,2023/5/1,10,接转站以下流量类仪表设备故障诊断,5,1283.9,,,,,,,,,0.030120482
孤岛采油厂/采油管理四区,流量计,荆州市明德科技有限公司,168,2023/6/1,4,接转站以下流量类仪表设备故障诊断,2,513.56,,,,,,,,,0.011904762
孤岛采油厂/采油管理四区,流量计,荆州市明德科技有限公司,168,2023/7/1,8,接转站以下流量类仪表设备故障诊断,4,1027.12,,,,,,,,,0.023809524
孤岛采油厂/采油管理四区,流量计,荆州市明德科技有限公司,168,2023/8/1,2,接转站以下流量类仪表设备故障诊断,1,256.78,,,,,,,,,0.005952381
孤岛采油厂/采油管理四区,流量计,荆州市明德科技有限公司,168,2023/10/1,8,接转站以下流量类仪表设备故障诊断,4,1027.12,,,,,,,,,0.023809524
孤岛采油厂/采油管理四区,流量计,荆州市明德科技有限公司,168,2023/11/1,2,接转站以下流量类仪表设备故障诊断,1,256.78,,,,,,,,,0.005952381
孤岛采油厂/采油管理四区,流量计,荆州市明德科技有限公司,168,2023/12/1,14,接转站以下流量类仪表设备故障诊断,7,1797.46,,,,,,,,,0.041666667
孤岛采油厂/采油管理四区,流量计,荆州市明德科技有限公司,168,2024/1/1,10,接转站以下流量类仪表设备故障诊断,5,1283.9,,,,,,,,,0.029761905
孤岛采油厂/采油管理四区,流量计,荆州市明德科技有限公司,168,2024/2/1,10,接转站以下流量类仪表设备故障诊断,5,1283.9,,,,,,,,,0.029761905
孤岛采油厂/采油管理四区,流量计,浙江金龙自控设备有限公司,38,2023/3/1,4,接转站以下流量类仪表设备故障诊断,2,513.56,,,,,,,,,0.052631579
孤岛采油厂/采油管理四区,流量计,浙江金龙自控设备有限公司,38,2023/4/1,6,接转站以下流量类仪表设备故障诊断,3,770.34,,,,,,,,,0.078947368
孤岛采油厂/采油管理四区,流量计,浙江金龙自控设备有限公司,48,2023/5/1,6,接转站以下流量类仪表设备故障诊断,3,770.34,,,,,,,,,0.0625
孤岛采油厂/采油管理四区,流量计,浙江金龙自控设备有限公司,55,2023/6/1,12,接转站以下流量类仪表设备故障诊断,6,1540.68,,,,,,,,,0.109090909
孤岛采油厂/采油管理四区,流量计,浙江金龙自控设备有限公司,55,2023/7/1,6,接转站以下流量类仪表设备故障诊断,3,770.34,,,,,,,,,0.054545455
孤岛采油厂/采油管理四区,流量计,浙江金龙自控设备有限公司,55,2023/8/1,6,接转站以下流量类仪表设备故障诊断,3,770.34,,,,,,,,,0.054545455
孤岛采油厂/采油管理四区,流量计,浙江金龙自控设备有限公司,55,2023/11/1,2,接转站以下流量类仪表设备故障诊断,1,256.78,,,,,,,,,0.018181818
孤岛采油厂/采油管理四区,流量计,浙江金龙自控设备有限公司,55,2023/12/1,10,接转站以下流量类仪表设备故障诊断,5,1283.9,,,,,,,,,0.090909091
孤岛采油厂/采油管理四区,流量计,浙江金龙自控设备有限公司,55,2024/1/1,8,接转站以下流量类仪表设备故障诊断,4,1027.12,,,,,,,,,0.072727273
孤岛采油厂/采油管理四区,流量计,浙江金龙自控设备有限公司,55,2024/2/1,4,接转站以下流量类仪表设备故障诊断,2,513.56,,,,,,,,,0.036363636
孤岛采油厂/采油管理四区,流量计,浙江精华测控设备有限公司,49,2023/4/1,4,接转站以下流量类仪表设备故障诊断,2,513.56,,,,,,,,,0.040816327
孤岛采油厂/采油管理四区,流量计,浙江精华测控设备有限公司,52,2023/5/1,2,接转站以下流量类仪表设备故障诊断,1,256.78,,,,,,,,,0.019230769
孤岛采油厂/采油管理四区,流量计,浙江精华测控设备有限公司,53,2023/8/1,4,接转站以下流量类仪表设备故障诊断,2,513.56,,,,,,,,,0.037735849
孤岛采油厂/采油管理四区,流量计,浙江精华测控设备有限公司,53,2023/10/1,6,接转站以下流量类仪表设备故障诊断,3,770.34,,,,,,,,,0.056603774
孤岛采油厂/采油管理四区,流量计,浙江精华测控设备有限公司,54,2023/11/1,2,接转站以下流量类仪表设备故障诊断,1,256.78,,,,,,,,,0.018518519
孤岛采油厂/采油管理四区,温压变,北京安控科技股份有限公司,76,2023/3/1,14,井场仪表设备故障诊断(功图部分除外),7,812,,,,,,,,,0.092105263
孤岛采油厂/采油管理四区,温压变,北京安控科技股份有限公司,76,2023/4/1,14,井场仪表设备故障诊断(功图部分除外),7,812,,,,,,,,,0.092105263
孤岛采油厂/采油管理四区,温压变,北京安控科技股份有限公司,76,2023/5/1,10,井场仪表设备故障诊断(功图部分除外),5,580,,,,,,,,,0.065789474
孤岛采油厂/采油管理四区,温压变,北京安控科技股份有限公司,76,2023/6/1,18,井场仪表设备故障诊断(功图部分除外),9,1044,,,,,,,,,0.118421053
孤岛采油厂/采油管理四区,温压变,北京安控科技股份有限公司,76,2023/7/1,18,井场仪表设备故障诊断(功图部分除外),9,1044,,,,,,,,,0.118421053
孤岛采油厂/采油管理四区,温压变,北京安控科技股份有限公司,76,2023/8/1,38,仪表电池更换 就地,19,2101.75,,,,,,,,,0.25
孤岛采油厂/采油管理四区,温压变,北京安控科技股份有限公司,76,2023/9/1,14,井场仪表设备故障诊断(功图部分除外),7,812,,,,,,,,,0.092105263
孤岛采油厂/采油管理四区,温压变,北京安控科技股份有限公司,76,2023/10/1,20,井场仪表设备故障诊断(功图部分除外),10,1160,,,,,,,,,0.131578947
孤岛采油厂/采油管理四区,温压变,北京安控科技股份有限公司,76,2023/11/1,30,井场仪表设备故障诊断(功图部分除外),15,1740,,,,,,,,,0.197368421
孤岛采油厂/采油管理四区,温压变,北京安控科技股份有限公司,76,2023/12/1,42,井场仪表设备故障诊断(功图部分除外),21,2436,,,,,,,,,0.276315789
孤岛采油厂/采油管理四区,温压变,北京安控科技股份有限公司,76,2024/1/1,10,井场仪表设备故障诊断(功图部分除外),5,580,,,,,,,,,0.065789474
孤岛采油厂/采油管理四区,温压变,北京安控科技股份有限公司,76,2024/2/1,18,井场仪表设备故障诊断(功图部分除外),9,1044,,,,,,,,,0.118421053
孤岛采油厂/采油管理四区,温压变,北京安控科技股份有限公司,76,2024/3/1,4,井场仪表设备故障诊断(功图部分除外),2,232,,,,,,,,,0.026315789
孤岛采油厂/采油管理四区,温压变,荆州市明德科技有限公司,62,2023/5/1,2,井场仪表设备故障诊断(功图部分除外),1,116,,,,,,,,,0.016129032
孤岛采油厂/采油管理四区,温压变,山东胜利通海集团东营天蓝节能科技有限公司,94,2023/3/1,4,井场仪表设备故障诊断(功图部分除外),2,232,,,,,,,,,0.021276596
孤岛采油厂/采油管理四区,温压变,山东胜利通海集团东营天蓝节能科技有限公司,96,2023/4/1,24,井场仪表设备故障诊断(功图部分除外),12,1392,,,,,,,,,0.125
孤岛采油厂/采油管理四区,温压变,山东胜利通海集团东营天蓝节能科技有限公司,97,2023/5/1,26,井场仪表设备故障诊断(功图部分除外),13,1508,,,,,,,,,0.134020619
孤岛采油厂/采油管理四区,温压变,山东胜利通海集团东营天蓝节能科技有限公司,98,2023/6/1,24,井场仪表设备故障诊断(功图部分除外),12,1392,,,,,,,,,0.12244898
孤岛采油厂/采油管理四区,温压变,山东胜利通海集团东营天蓝节能科技有限公司,98,2023/7/1,16,井场仪表设备故障诊断(功图部分除外),8,928,,,,,,,,,0.081632653
孤岛采油厂/采油管理四区,温压变,山东胜利通海集团东营天蓝节能科技有限公司,98,2023/8/1,32,井场仪表设备故障诊断(功图部分除外),16,1856,,,,,,,,,0.163265306
孤岛采油厂/采油管理四区,温压变,山东胜利通海集团东营天蓝节能科技有限公司,98,2023/9/1,26,井场仪表设备故障诊断(功图部分除外),13,1508,,,,,,,,,0.132653061
孤岛采油厂/采油管理四区,温压变,山东胜利通海集团东营天蓝节能科技有限公司,99,2023/10/1,42,井场仪表设备故障诊断(功图部分除外),21,2436,,,,,,,,,0.212121212
孤岛采油厂/采油管理四区,温压变,山东胜利通海集团东营天蓝节能科技有限公司,99,2023/11/1,40,井场仪表设备故障诊断(功图部分除外),20,2320,,,,,,,,,0.202020202
孤岛采油厂/采油管理四区,温压变,山东胜利通海集团东营天蓝节能科技有限公司,99,2023/12/1,40,井场仪表设备故障诊断(功图部分除外),20,2320,,,,,,,,,0.202020202
孤岛采油厂/采油管理四区,温压变,山东胜利通海集团东营天蓝节能科技有限公司,99,2024/1/1,16,井场仪表设备故障诊断(功图部分除外),8,928,,,,,,,,,0.080808081
孤岛采油厂/采油管理四区,温压变,山东胜利通海集团东营天蓝节能科技有限公司,99,2024/2/1,16,井场仪表设备故障诊断(功图部分除外),8,928,,,,,,,,,0.080808081
孤岛采油厂/采油管理四区,温压变,山东胜利通海集团东营天蓝节能科技有限公司,99,2024/3/1,4,井场仪表设备故障诊断(功图部分除外),2,232,,,,,,,,,0.02020202
孤岛采油厂/采油管理四区,温压变,深圳市博海粤能科技开发有限公司,591,2023/3/1,40,仪表电池更换 就地,20,2217.75,,,,,,,,,0.033840948
孤岛采油厂/采油管理四区,温压变,深圳市博海粤能科技开发有限公司,591,2023/4/1,58,井场仪表设备故障诊断(功图部分除外),29,3364,,,,,,,,,0.049069374
孤岛采油厂/采油管理四区,温压变,深圳市博海粤能科技开发有限公司,593,2023/5/1,70,井场仪表设备故障诊断(功图部分除外),35,4060,,,,,,,,,0.059021922
孤岛采油厂/采油管理四区,温压变,深圳市博海粤能科技开发有限公司,597,2023/6/1,92,井场仪表设备故障诊断(功图部分除外),46,5336,,,,,,,,,0.077051926
孤岛采油厂/采油管理四区,温压变,深圳市博海粤能科技开发有限公司,598,2023/7/1,108,井场仪表设备故障诊断(功图部分除外),54,6264,,,,,,,,,0.090301003
孤岛采油厂/采油管理四区,温压变,深圳市博海粤能科技开发有限公司,598,2023/8/1,198,井场仪表设备故障诊断(功图部分除外),99,11407.22,,,,,,,,,0.165551839
孤岛采油厂/采油管理四区,温压变,深圳市博海粤能科技开发有限公司,598,2023/9/1,130,仪表电池更换 就地,65,7297.11,,,,,,,,,0.108695652
孤岛采油厂/采油管理四区,温压变,深圳市博海粤能科技开发有限公司,598,2023/10/1,196,油井功图采集系统故障诊断,98,11437.56,,,,,,,,,0.163879599
孤岛采油厂/采油管理四区,温压变,深圳市博海粤能科技开发有限公司,598,2023/11/1,166,油井功图采集系统故障诊断,83,9869.37,,,,,,,,,0.138795987
孤岛采油厂/采油管理四区,温压变,深圳市博海粤能科技开发有限公司,598,2023/12/1,124,井场仪表设备故障诊断(功图部分除外),62,7192,,,,,,,,,0.10367893
孤岛采油厂/采油管理四区,温压变,深圳市博海粤能科技开发有限公司,598,2024/1/1,76,井场仪表设备故障诊断(功图部分除外),38,4369.61,,,,,,,,,0.063545151
孤岛采油厂/采油管理四区,温压变,深圳市博海粤能科技开发有限公司,598,2024/2/1,78,井场仪表设备故障诊断(功图部分除外),39,4524,,,,,,,,,0.065217391
孤岛采油厂/采油管理四区,温压变,深圳市博海粤能科技开发有限公司,598,2024/3/1,14,井场仪表设备故障诊断(功图部分除外),7,812,,,,,,,,,0.011705686
孤岛采油厂/采油管理四区,温压变,胜利油田东强机电设备制造有限公司,60,2023/4/1,2,井场仪表设备故障诊断(功图部分除外),1,116,,,,,,,,,0.016666667
孤岛采油厂/采油管理四区,温压变,胜利油田东强机电设备制造有限公司,60,2023/10/1,2,井场仪表设备故障诊断(功图部分除外),1,116,,,,,,,,,0.016666667
孤岛采油厂/采油管理四区,温压变,胜利油田东强机电设备制造有限公司,60,2023/12/1,2,井场仪表设备故障诊断(功图部分除外),1,116,,,,,,,,,0.016666667
孤岛采油厂/采油管理四区,温压变,胜利油田东强机电设备制造有限公司,60,2024/1/1,2,井场仪表设备故障诊断(功图部分除外),1,116,,,,,,,,,0.016666667
孤岛采油厂/采油管理四区,温压变,胜利油田豪威科工贸有限责任公司,188,2023/3/1,12,井场仪表设备故障诊断(功图部分除外),6,696,,,,,,,,,0.031914894
孤岛采油厂/采油管理四区,温压变,胜利油田豪威科工贸有限责任公司,189,2023/4/1,28,井场仪表设备故障诊断(功图部分除外),14,1624,,,,,,,,,0.074074074
孤岛采油厂/采油管理四区,温压变,胜利油田豪威科工贸有限责任公司,189,2023/5/1,22,井场仪表设备故障诊断(功图部分除外),11,1276,,,,,,,,,0.058201058
孤岛采油厂/采油管理四区,温压变,胜利油田豪威科工贸有限责任公司,189,2023/6/1,60,井场仪表设备故障诊断(功图部分除外),30,3480,,,,,,,,,0.158730159
孤岛采油厂/采油管理四区,温压变,胜利油田豪威科工贸有限责任公司,189,2023/7/1,54,井场仪表设备故障诊断(功图部分除外),27,3132,,,,,,,,,0.142857143
孤岛采油厂/采油管理四区,温压变,胜利油田豪威科工贸有限责任公司,189,2023/8/1,64,仪表电池更换 就地,32,3532.97,,,,,,,,,0.169312169
孤岛采油厂/采油管理四区,温压变,胜利油田豪威科工贸有限责任公司,189,2023/9/1,46,井场仪表设备故障诊断(功图部分除外),23,2668,,,,,,,,,0.121693122
孤岛采油厂/采油管理四区,温压变,胜利油田豪威科工贸有限责任公司,189,2023/10/1,62,仪表电池更换 就地,31,3493.75,,,,,,,,,0.164021164
孤岛采油厂/采油管理四区,温压变,胜利油田豪威科工贸有限责任公司,189,2023/11/1,68,井场仪表设备故障诊断(功图部分除外),34,3944,,,,,,,,,0.17989418
孤岛采油厂/采油管理四区,温压变,胜利油田豪威科工贸有限责任公司,189,2023/12/1,68,井场仪表设备故障诊断(功图部分除外),34,3944,,,,,,,,,0.17989418
孤岛采油厂/采油管理四区,温压变,胜利油田豪威科工贸有限责任公司,189,2024/1/1,28,井场仪表设备故障诊断(功图部分除外),14,1585.61,,,,,,,,,0.074074074
孤岛采油厂/采油管理四区,温压变,胜利油田豪威科工贸有限责任公司,189,2024/2/1,38,井场仪表设备故障诊断(功图部分除外),19,2204,,,,,,,,,0.100529101
孤岛采油厂/采油管理四区,温压变,胜利油田豪威科工贸有限责任公司,189,2024/3/1,14,井场仪表设备故障诊断(功图部分除外),7,812,,,,,,,,,0.037037037
孤岛采油厂/采油管理四区,温压变,胜利油田物华实业发展有限公司,14,2023/5/1,2,井场仪表设备故障诊断(功图部分除外),1,116,,,,,,,,,0.071428571
孤岛采油厂/采油管理四区,温压变,胜利油田物华实业发展有限公司,14,2023/6/1,2,井场仪表设备故障诊断(功图部分除外),1,116,,,,,,,,,0.071428571
孤岛采油厂/采油管理四区,温压变,胜利油田物华实业发展有限公司,14,2023/7/1,2,井场仪表设备故障诊断(功图部分除外),1,116,,,,,,,,,0.071428571
孤岛采油厂/采油管理四区,温压变,胜利油田物华实业发展有限公司,14,2023/8/1,4,井场仪表设备故障诊断(功图部分除外),2,232,,,,,,,,,0.142857143
孤岛采油厂/采油管理四区,温压变,胜利油田物华实业发展有限公司,14,2023/9/1,4,井场仪表设备故障诊断(功图部分除外),2,232,,,,,,,,,0.142857143
孤岛采油厂/采油管理四区,温压变,胜利油田物华实业发展有限公司,14,2023/10/1,8,油井功图采集系统故障诊断,4,635.81,,,,,,,,,0.285714286
孤岛采油厂/采油管理四区,温压变,胜利油田物华实业发展有限公司,14,2023/11/1,10,井场仪表设备故障诊断(功图部分除外),5,580,,,,,,,,,0.357142857
孤岛采油厂/采油管理四区,温压变,胜利油田物华实业发展有限公司,14,2023/12/1,2,井场仪表设备故障诊断(功图部分除外),1,116,,,,,,,,,0.071428571
孤岛采油厂/采油管理四区,温压变,胜利油田物华实业发展有限公司,14,2024/1/1,4,井场仪表设备故障诊断(功图部分除外),2,232,,,,,,,,,0.142857143
孤岛采油厂/采油管理四区,温压变,天津市万众科技发展有限公司,95,2023/4/1,6,井场仪表设备故障诊断(功图部分除外),3,348,,,,,,,,,0.031578947
孤岛采油厂/采油管理四区,温压变,天津市万众科技发展有限公司,95,2023/5/1,8,井场仪表设备故障诊断(功图部分除外),4,464,,,,,,,,,0.042105263
孤岛采油厂/采油管理四区,温压变,天津市万众科技发展有限公司,95,2023/6/1,10,井场仪表设备故障诊断(功图部分除外),5,580,,,,,,,,,0.052631579
孤岛采油厂/采油管理四区,温压变,天津市万众科技发展有限公司,95,2023/7/1,26,井场仪表设备故障诊断(功图部分除外),13,1508,,,,,,,,,0.136842105
孤岛采油厂/采油管理四区,温压变,天津市万众科技发展有限公司,95,2023/8/1,26,井场仪表设备故障诊断(功图部分除外),13,1508,,,,,,,,,0.136842105
孤岛采油厂/采油管理四区,温压变,天津市万众科技发展有限公司,95,2023/9/1,44,井场仪表设备故障诊断(功图部分除外),22,2513.61,,,,,,,,,0.231578947
孤岛采油厂/采油管理四区,温压变,天津市万众科技发展有限公司,95,2023/10/1,22,井场仪表设备故障诊断(功图部分除外),11,1276,,,,,,,,,0.115789474
孤岛采油厂/采油管理四区,温压变,天津市万众科技发展有限公司,95,2023/11/1,32,仪表电池更换 就地,16,1753.75,,,,,,,,,0.168421053
孤岛采油厂/采油管理四区,温压变,天津市万众科技发展有限公司,95,2023/12/1,6,井场仪表设备故障诊断(功图部分除外),3,348,,,,,,,,,0.031578947
孤岛采油厂/采油管理四区,温压变,天津市万众科技发展有限公司,95,2024/1/1,8,井场仪表设备故障诊断(功图部分除外),4,464,,,,,,,,,0.042105263
孤岛采油厂/采油管理四区,温压变,天津市万众科技发展有限公司,95,2024/2/1,10,井场仪表设备故障诊断(功图部分除外),5,580,,,,,,,,,0.052631579
孤岛采油厂/采油管理四区,温压变,天津万众科技股份有限公司,126,2023/3/1,18,仪表电池更换 就地,9,941.75,,,,,,,,,0.071428571
孤岛采油厂/采油管理四区,温压变,天津万众科技股份有限公司,129,2023/4/1,6,井场仪表设备故障诊断(功图部分除外),3,348,,,,,,,,,0.023255814
孤岛采油厂/采油管理四区,温压变,天津万众科技股份有限公司,130,2023/5/1,26,井场仪表设备故障诊断(功图部分除外),13,1508,,,,,,,,,0.1
孤岛采油厂/采油管理四区,温压变,天津万众科技股份有限公司,130,2023/6/1,22,井场仪表设备故障诊断(功图部分除外),11,1276,,,,,,,,,0.084615385
孤岛采油厂/采油管理四区,温压变,天津万众科技股份有限公司,130,2023/7/1,36,井场仪表设备故障诊断(功图部分除外),18,2088,,,,,,,,,0.138461538
孤岛采油厂/采油管理四区,温压变,天津万众科技股份有限公司,130,2023/8/1,28,井场仪表设备故障诊断(功图部分除外),14,1624,,,,,,,,,0.107692308
孤岛采油厂/采油管理四区,温压变,天津万众科技股份有限公司,130,2023/9/1,18,井场仪表设备故障诊断(功图部分除外),9,1044,,,,,,,,,0.069230769
孤岛采油厂/采油管理四区,温压变,天津万众科技股份有限公司,130,2023/10/1,40,井场仪表设备故障诊断(功图部分除外),20,2320,,,,,,,,,0.153846154
孤岛采油厂/采油管理四区,温压变,天津万众科技股份有限公司,130,2023/11/1,38,井场仪表设备故障诊断(功图部分除外),19,2204,,,,,,,,,0.146153846
孤岛采油厂/采油管理四区,温压变,天津万众科技股份有限公司,130,2023/12/1,28,井场仪表设备故障诊断(功图部分除外),14,1624,,,,,,,,,0.107692308
孤岛采油厂/采油管理四区,温压变,天津万众科技股份有限公司,130,2024/1/1,18,井场仪表设备故障诊断(功图部分除外),9,1044,,,,,,,,,0.069230769
孤岛采油厂/采油管理四区,温压变,天津万众科技股份有限公司,130,2024/2/1,30,井场仪表设备故障诊断(功图部分除外),15,1740,,,,,,,,,0.115384615
孤岛采油厂/采油管理四区,温压变,天津万众科技股份有限公司,130,2024/3/1,16,井场仪表设备故障诊断(功图部分除外),8,928,,,,,,,,,0.061538462
孤岛采油厂/采油管理四区,载荷,蚌埠日月仪器研究所有限公司,158,2023/3/1,22,油井功图采集系统故障诊断,11,3165.91,,,,,,,,,0.069620253
孤岛采油厂/采油管理四区,载荷,蚌埠日月仪器研究所有限公司,158,2023/4/1,20,油井功图采集系统故障诊断,10,2878.1,,,,,,,,,0.063291139
孤岛采油厂/采油管理四区,载荷,蚌埠日月仪器研究所有限公司,158,2023/5/1,18,油井功图采集系统故障诊断,9,2590.29,,,,,,,,,0.056962025
孤岛采油厂/采油管理四区,载荷,蚌埠日月仪器研究所有限公司,158,2023/6/1,10,油井功图采集系统故障诊断,5,1164.99,,,,,,,,,0.03164557
孤岛采油厂/采油管理四区,载荷,蚌埠日月仪器研究所有限公司,158,2023/7/1,22,油井功图采集系统故障诊断,11,3165.91,,,,,,,,,0.069620253
孤岛采油厂/采油管理四区,载荷,蚌埠日月仪器研究所有限公司,158,2023/8/1,32,油井功图采集系统故障诊断,16,4604.96,,,,,,,,,0.101265823
孤岛采油厂/采油管理四区,载荷,蚌埠日月仪器研究所有限公司,158,2023/9/1,24,油井功图采集系统故障诊断,12,3422.69,,,,,,,,,0.075949367
孤岛采油厂/采油管理四区,载荷,蚌埠日月仪器研究所有限公司,158,2023/10/1,38,油井功图采集系统故障诊断,19,5468.39,,,,,,,,,0.120253165
孤岛采油厂/采油管理四区,载荷,蚌埠日月仪器研究所有限公司,158,2023/11/1,40,载荷传感器调试 无线,20,5535.25,,,,,,,,,0.126582278
孤岛采油厂/采油管理四区,载荷,蚌埠日月仪器研究所有限公司,158,2023/12/1,28,油井功图采集系统故障诊断,14,4029.34,,,,,,,,,0.088607595
孤岛采油厂/采油管理四区,载荷,蚌埠日月仪器研究所有限公司,158,2024/1/1,24,油井功图采集系统故障诊断,12,3453.72,,,,,,,,,0.075949367
孤岛采油厂/采油管理四区,载荷,蚌埠日月仪器研究所有限公司,158,2024/2/1,24,油井功图采集系统故障诊断,12,3453.72,,,,,,,,,0.075949367
孤岛采油厂/采油管理四区,载荷,蚌埠日月仪器研究所有限公司,158,2024/3/1,8,油井功图采集系统故障诊断,4,1151.24,,,,,,,,,0.025316456
孤岛采油厂/采油管理四区,载荷,丹东华通测控有限公司,322,2023/3/1,22,油井功图采集系统故障诊断,11,3165.91,,,,,,,,,0.034161491
孤岛采油厂/采油管理四区,载荷,丹东华通测控有限公司,322,2023/4/1,34,油井功图采集系统故障诊断,17,4892.77,,,,,,,,,0.052795031
孤岛采油厂/采油管理四区,载荷,丹东华通测控有限公司,322,2023/5/1,24,油井功图采集系统故障诊断,12,3453.72,,,,,,,,,0.037267081
孤岛采油厂/采油管理四区,载荷,丹东华通测控有限公司,322,2023/6/1,58,油井功图采集系统故障诊断,29,7798.37,,,,,,,,,0.090062112
孤岛采油厂/采油管理四区,载荷,丹东华通测控有限公司,322,2023/7/1,34,油井功图采集系统故障诊断,17,4892.77,,,,,,,,,0.052795031
孤岛采油厂/采油管理四区,载荷,丹东华通测控有限公司,322,2023/8/1,56,油井功图采集系统故障诊断,28,8058.68,,,,,,,,,0.086956522
孤岛采油厂/采油管理四区,载荷,丹东华通测控有限公司,322,2023/9/1,42,油井功图采集系统故障诊断,21,6012.98,,,,,,,,,0.065217391
孤岛采油厂/采油管理四区,载荷,丹东华通测控有限公司,322,2023/10/1,66,油井功图采集系统故障诊断,33,9497.73,,,,,,,,,0.102484472
孤岛采油厂/采油管理四区,载荷,丹东华通测控有限公司,322,2023/11/1,68,载荷传感器调试 无线,34,9564.59,,,,,,,,,0.105590062
孤岛采油厂/采油管理四区,载荷,丹东华通测控有限公司,322,2023/12/1,22,油井功图采集系统故障诊断,11,3165.91,,,,,,,,,0.034161491
孤岛采油厂/采油管理四区,载荷,丹东华通测控有限公司,322,2024/1/1,72,油井功图采集系统故障诊断,36,10361.16,,,,,,,,,0.111801242
孤岛采油厂/采油管理四区,载荷,丹东华通测控有限公司,322,2024/2/1,36,油井功图采集系统故障诊断,18,5180.58,,,,,,,,,0.055900621
孤岛采油厂/采油管理四区,载荷,丹东华通测控有限公司,322,2024/3/1,8,油井功图采集系统故障诊断,4,1151.24,,,,,,,,,0.01242236
孤岛采油厂/采油管理四区,载荷,天津市万众科技发展有限公司,13,2023/3/1,2,油井功图采集系统故障诊断,1,287.81,,,,,,,,,0.076923077
孤岛采油厂/采油管理四区,载荷,天津市万众科技发展有限公司,14,2023/4/1,4,油井功图采集系统故障诊断,2,575.62,,,,,,,,,0.142857143
孤岛采油厂/采油管理四区,载荷,天津市万众科技发展有限公司,15,2023/5/1,2,油井功图采集系统故障诊断,1,287.81,,,,,,,,,0.066666667
孤岛采油厂/采油管理四区,载荷,天津市万众科技发展有限公司,15,2023/6/1,6,油井功图采集系统故障诊断,3,863.43,,,,,,,,,0.2
孤岛采油厂/采油管理四区,载荷,天津市万众科技发展有限公司,15,2023/7/1,8,油井功图采集系统故障诊断,4,1151.24,,,,,,,,,0.266666667
孤岛采油厂/采油管理四区,载荷,天津市万众科技发展有限公司,15,2023/8/1,2,油井功图采集系统故障诊断,1,287.81,,,,,,,,,0.066666667
孤岛采油厂/采油管理四区,载荷,天津市万众科技发展有限公司,15,2023/9/1,4,油井功图采集系统故障诊断,2,575.62,,,,,,,,,0.133333333
孤岛采油厂/采油管理四区,载荷,天津市万众科技发展有限公司,15,2023/11/1,8,油井功图采集系统故障诊断,4,1151.24,,,,,,,,,0.266666667
孤岛采油厂/采油管理四区,载荷,天津市万众科技发展有限公司,15,2023/12/1,4,油井功图采集系统故障诊断,2,575.62,,,,,,,,,0.133333333
孤岛采油厂/采油管理四区,载荷,天津市万众科技发展有限公司,15,2024/1/1,2,油井功图采集系统故障诊断,1,287.81,,,,,,,,,0.066666667
孤岛采油厂/采油管理四区,载荷,天津万众科技股份有限公司,34,2023/3/1,14,油井功图采集系统故障诊断,7,2014.67,,,,,,,,,0.205882353
孤岛采油厂/采油管理四区,载荷,天津万众科技股份有限公司,38,2023/4/1,6,油井功图采集系统故障诊断,3,863.43,,,,,,,,,0.078947368
孤岛采油厂/采油管理四区,载荷,天津万众科技股份有限公司,40,2023/5/1,12,油井功图采集系统故障诊断,6,1726.86,,,,,,,,,0.15
孤岛采油厂/采油管理四区,载荷,天津万众科技股份有限公司,40,2023/6/1,16,油井功图采集系统故障诊断,8,2302.48,,,,,,,,,0.2
孤岛采油厂/采油管理四区,载荷,天津万众科技股份有限公司,40,2023/7/1,12,油井功图采集系统故障诊断,6,1726.86,,,,,,,,,0.15
孤岛采油厂/采油管理四区,载荷,天津万众科技股份有限公司,40,2023/8/1,2,油井功图采集系统故障诊断,1,287.81,,,,,,,,,0.025
孤岛采油厂/采油管理四区,载荷,天津万众科技股份有限公司,40,2023/9/1,6,油井功图采集系统故障诊断,3,863.43,,,,,,,,,0.075
孤岛采油厂/采油管理四区,载荷,天津万众科技股份有限公司,40,2023/10/1,8,油井功图采集系统故障诊断,4,1151.24,,,,,,,,,0.1
孤岛采油厂/采油管理四区,载荷,天津万众科技股份有限公司,40,2023/11/1,18,油井功图采集系统故障诊断,9,2590.29,,,,,,,,,0.225
孤岛采油厂/采油管理四区,载荷,天津万众科技股份有限公司,40,2023/12/1,14,油井功图采集系统故障诊断,7,2014.67,,,,,,,,,0.175
孤岛采油厂/采油管理四区,载荷,天津万众科技股份有限公司,40,2024/1/1,2,油井功图采集系统故障诊断,1,287.81,,,,,,,,,0.025
孤岛采油厂/采油管理四区,载荷,天津万众科技股份有限公司,40,2024/2/1,20,油井功图采集系统故障诊断,10,2878.1,,,,,,,,,0.25
孤岛采油厂/采油管理四区,载荷,天津万众科技股份有限公司,40,2024/3/1,4,油井功图采集系统故障诊断,2,575.62,,,,,,,,,0.05
孤岛采油厂/采油管理一区,流量计,荆州市明德科技有限公司,88,2023/6/1,2,接转站以下流量类仪表设备故障诊断,1,256.78,,,,,,,,,0.011363636
孤岛采油厂/采油管理一区,流量计,荆州市明德科技有限公司,88,2023/12/1,2,接转站以下流量类仪表设备故障诊断,1,256.78,,,,,,,,,0.011363636
孤岛采油厂/采油管理一区,流量计,荆州市明德科技有限公司,88,2024/1/1,2,接转站以下流量类仪表设备故障诊断,1,256.78,,,,,,,,,0.011363636
孤岛采油厂/采油管理一区,流量计,浙江精华测控设备有限公司,107,2023/11/1,2,接转站以下流量类仪表设备故障诊断,1,256.78,,,,,,,,,0.009345794
孤岛采油厂/采油管理一区,流量计,浙江精华测控设备有限公司,107,2024/2/1,4,接转站以下流量类仪表设备故障诊断,2,513.56,,,,,,,,,0.018691589
孤岛采油厂/采油管理一区,温压变,北京安控科技股份有限公司,12,2023/9/1,2,井场仪表设备故障诊断(功图部分除外),1,116,,,,,,,,,0.083333333
孤岛采油厂/采油管理一区,温压变,山东胜利通海集团东营天蓝节能科技有限公司,34,2023/7/1,2,井场仪表设备故障诊断(功图部分除外),1,116,,,,,,,,,0.029411765
孤岛采油厂/采油管理一区,温压变,山东胜利通海集团东营天蓝节能科技有限公司,35,2023/11/1,2,井场仪表设备故障诊断(功图部分除外),1,116,,,,,,,,,0.028571429
孤岛采油厂/采油管理一区,温压变,山东胜利通海集团东营天蓝节能科技有限公司,35,2023/12/1,4,井场仪表设备故障诊断(功图部分除外),2,232,,,,,,,,,0.057142857
孤岛采油厂/采油管理一区,温压变,上海凯工石油装备科技有限公司,3,2023/12/1,2,井场仪表设备故障诊断(功图部分除外),1,116,,,,,,,,,0.333333333
孤岛采油厂/采油管理一区,温压变,深圳市博海粤能科技开发有限公司,366,2023/6/1,26,井场仪表设备故障诊断(功图部分除外),13,1508,,,,,,,,,0.035519126
孤岛采油厂/采油管理一区,温压变,深圳市博海粤能科技开发有限公司,366,2023/7/1,8,井场仪表设备故障诊断(功图部分除外),4,464,,,,,,,,,0.010928962
孤岛采油厂/采油管理一区,温压变,深圳市博海粤能科技开发有限公司,366,2023/8/1,28,井场仪表设备故障诊断(功图部分除外),14,1624,,,,,,,,,0.038251366
孤岛采油厂/采油管理一区,温压变,深圳市博海粤能科技开发有限公司,366,2023/9/1,22,井场仪表设备故障诊断(功图部分除外),11,1276,,,,,,,,,0.030054645
孤岛采油厂/采油管理一区,温压变,深圳市博海粤能科技开发有限公司,366,2023/10/1,26,井场仪表设备故障诊断(功图部分除外),13,1508,,,,,,,,,0.035519126
孤岛采油厂/采油管理一区,温压变,深圳市博海粤能科技开发有限公司,366,2023/11/1,16,井场仪表设备故障诊断(功图部分除外),8,928,,,,,,,,,0.021857923
孤岛采油厂/采油管理一区,温压变,深圳市博海粤能科技开发有限公司,366,2023/12/1,76,井场仪表设备故障诊断(功图部分除外),38,4408,,,,,,,,,0.103825137
孤岛采油厂/采油管理一区,温压变,深圳市博海粤能科技开发有限公司,366,2024/1/1,24,井场仪表设备故障诊断(功图部分除外),12,1392,,,,,,,,,0.032786885
孤岛采油厂/采油管理一区,温压变,深圳市博海粤能科技开发有限公司,366,2024/2/1,6,井场仪表设备故障诊断(功图部分除外),3,348,,,,,,,,,0.008196721
孤岛采油厂/采油管理一区,温压变,深圳市博海粤能科技开发有限公司,366,2024/3/1,4,井场仪表设备故障诊断(功图部分除外),2,232,,,,,,,,,0.005464481
孤岛采油厂/采油管理一区,温压变,胜利油田豪威科工贸有限责任公司,105,2023/6/1,6,井场仪表设备故障诊断(功图部分除外),3,348,,,,,,,,,0.028571429
孤岛采油厂/采油管理一区,温压变,胜利油田豪威科工贸有限责任公司,105,2023/8/1,4,井场仪表设备故障诊断(功图部分除外),2,232,,,,,,,,,0.019047619
孤岛采油厂/采油管理一区,温压变,胜利油田豪威科工贸有限责任公司,105,2023/9/1,2,井场仪表设备故障诊断(功图部分除外),1,116,,,,,,,,,0.00952381
孤岛采油厂/采油管理一区,温压变,胜利油田豪威科工贸有限责任公司,105,2023/11/1,2,井场仪表设备故障诊断(功图部分除外),1,116,,,,,,,,,0.00952381
孤岛采油厂/采油管理一区,温压变,胜利油田豪威科工贸有限责任公司,105,2023/12/1,8,井场仪表设备故障诊断(功图部分除外),4,464,,,,,,,,,0.038095238
孤岛采油厂/采油管理一区,温压变,胜利油田豪威科工贸有限责任公司,105,2024/1/1,2,井场仪表设备故障诊断(功图部分除外),1,116,,,,,,,,,0.00952381
孤岛采油厂/采油管理一区,温压变,胜利油田豪威科工贸有限责任公司,105,2024/2/1,4,井场仪表设备故障诊断(功图部分除外),2,232,,,,,,,,,0.019047619
孤岛采油厂/采油管理一区,温压变,胜利油田物华实业发展有限公司,1,2023/9/1,2,井场仪表设备故障诊断(功图部分除外),1,116,,,,,,,,,1
孤岛采油厂/采油管理一区,温压变,胜利油田物华实业发展有限公司,1,2023/12/1,2,井场仪表设备故障诊断(功图部分除外),1,116,,,,,,,,,1
孤岛采油厂/采油管理一区,温压变,天津万众科技股份有限公司,117,2023/8/1,4,井场仪表设备故障诊断(功图部分除外),2,232,,,,,,,,,0.017094017
孤岛采油厂/采油管理一区,温压变,天津万众科技股份有限公司,123,2023/9/1,18,井场仪表设备故障诊断(功图部分除外),9,1044,,,,,,,,,0.073170732
孤岛采油厂/采油管理一区,温压变,天津万众科技股份有限公司,126,2023/10/1,4,井场仪表设备故障诊断(功图部分除外),2,232,,,,,,,,,0.015873016
孤岛采油厂/采油管理一区,温压变,天津万众科技股份有限公司,128,2023/11/1,8,井场仪表设备故障诊断(功图部分除外),4,464,,,,,,,,,0.03125
孤岛采油厂/采油管理一区,温压变,天津万众科技股份有限公司,128,2023/12/1,14,井场仪表设备故障诊断(功图部分除外),7,812,,,,,,,,,0.0546875
孤岛采油厂/采油管理一区,温压变,天津万众科技股份有限公司,129,2024/1/1,16,井场仪表设备故障诊断(功图部分除外),8,928,,,,,,,,,0.062015504
孤岛采油厂/采油管理一区,温压变,天津万众科技股份有限公司,129,2024/2/1,2,井场仪表设备故障诊断(功图部分除外),1,116,,,,,,,,,0.007751938
孤岛采油厂/采油管理一区,温压变,天津万众科技股份有限公司,129,2024/3/1,2,井场仪表设备故障诊断(功图部分除外),1,116,,,,,,,,,0.007751938
孤岛采油厂/采油管理一区,载荷,蚌埠日月仪器研究所有限公司,4,2023/8/1,2,油井功图采集系统故障诊断,1,287.81,,,,,,,,,0.25
孤岛采油厂/采油管理一区,载荷,蚌埠日月仪器研究所有限公司,4,2023/9/1,2,油井功图采集系统故障诊断,1,287.81,,,,,,,,,0.25
孤岛采油厂/采油管理一区,载荷,蚌埠日月仪器研究所有限公司,4,2023/11/1,2,油井功图采集系统故障诊断,1,287.81,,,,,,,,,0.25
孤岛采油厂/采油管理一区,载荷,丹东华通测控有限公司,479,2023/6/1,24,油井功图采集系统故障诊断,12,3453.72,,,,,,,,,0.025052192
孤岛采油厂/采油管理一区,载荷,丹东华通测控有限公司,479,2023/7/1,12,油井功图采集系统故障诊断,6,1726.86,,,,,,,,,0.012526096
孤岛采油厂/采油管理一区,载荷,丹东华通测控有限公司,479,2023/8/1,46,油井功图采集系统故障诊断,23,6071.51,,,,,,,,,0.048016701
孤岛采油厂/采油管理一区,载荷,丹东华通测控有限公司,479,2023/9/1,62,油井功图采集系统故障诊断,31,8922.11,,,,,,,,,0.064718163
孤岛采油厂/采油管理一区,载荷,丹东华通测控有限公司,479,2023/10/1,26,油井功图采集系统故障诊断,13,3741.53,,,,,,,,,0.027139875
孤岛采油厂/采油管理一区,载荷,丹东华通测控有限公司,479,2023/11/1,36,油井功图采集系统故障诊断,18,5180.58,,,,,,,,,0.037578288
孤岛采油厂/采油管理一区,载荷,丹东华通测控有限公司,479,2023/12/1,74,油井功图采集系统故障诊断,37,10648.97,,,,,,,,,0.077244259
孤岛采油厂/采油管理一区,载荷,丹东华通测控有限公司,479,2024/1/1,38,油井功图采集系统故障诊断,19,5124.77,,,,,,,,,0.039665971
孤岛采油厂/采油管理一区,载荷,丹东华通测控有限公司,479,2024/2/1,8,油井功图采集系统故障诊断,4,1151.24,,,,,,,,,0.008350731
孤东采油厂/采油管理二区,流量计,东营市鑫海石油装备有限公司,6,2023/11/1,2,接转站以下流量类仪表设备故障诊断,1,256.78,,,,,,,,,0.166666667
孤东采油厂/采油管理二区,流量计,上海一诺仪表有限公司,332,2023/7/1,2,接转站以下流量类仪表设备故障诊断,1,256.78,,,,,,,,,0.003012048
孤东采油厂/采油管理三区,流量计,上海一诺仪表有限公司,35,2023/5/1,2,接转站以下流量类仪表设备故障诊断,1,256.78,,,,,,,,,0.028571429
孤东采油厂/采油管理三区,温压变,北京安控科技股份有限公司,329,2023/3/1,6,仪表电池更换 就地,3,207.36,,,,,,,,,0.009118541
孤东采油厂/采油管理三区,温压变,北京安控科技股份有限公司,329,2023/4/1,22,仪表电池更换 就地,11,815.69,,,,,,,,,0.03343465
孤东采油厂/采油管理三区,温压变,北京安控科技股份有限公司,329,2023/6/1,4,井场仪表设备故障诊断(功图部分除外),2,193.61,,,,,,,,,0.006079027
孤东采油厂/采油管理三区,温压变,北京安控科技股份有限公司,329,2023/9/1,4,井场仪表设备故障诊断(功图部分除外),2,193.61,,,,,,,,,0.006079027
孤东采油厂/采油管理三区,温压变,荆州明德科技有限公司,7,2023/6/1,4,井场仪表设备故障诊断(功图部分除外),2,193.61,,,,,,,,,0.285714286
孤东采油厂/采油管理三区,温压变,山东胜利通海集团东营天蓝节能科技有限公司,664,2023/5/1,4,井场仪表设备故障诊断(功图部分除外),2,193.61,,,,,,,,,0.003012048
孤东采油厂/采油管理三区,温压变,山东胜利通海集团东营天蓝节能科技有限公司,664,2023/6/1,4,井场仪表设备故障诊断(功图部分除外),2,193.61,,,,,,,,,0.003012048
孤东采油厂/采油管理三区,温压变,山东胜利通海集团东营天蓝节能科技有限公司,664,2023/8/1,32,井场仪表设备故障诊断(功图部分除外),16,1323.38,,,,,,,,,0.024096386
孤东采油厂/采油管理三区,温压变,山东胜利通海集团东营天蓝节能科技有限公司,664,2023/9/1,8,井场仪表设备故障诊断(功图部分除外),4,387.22,,,,,,,,,0.006024096
孤东采油厂/采油管理三区,温压变,胜利油田东强机电设备制造有限公司,13,2023/4/1,10,仪表电池更换 就地,5,400.97,,,,,,,,,0.384615385
孤东采油厂/采油管理三区,温压变,胜利油田豪威科工贸有限责任公司,734,2023/3/1,10,仪表电池更换 就地,5,400.97,,,,,,,,,0.006811989
孤东采油厂/采油管理三区,温压变,胜利油田豪威科工贸有限责任公司,734,2023/4/1,22,仪表电池更换 就地,11,815.69,,,,,,,,,0.014986376
孤东采油厂/采油管理三区,温压变,胜利油田豪威科工贸有限责任公司,734,2023/5/1,4,井场仪表设备故障诊断(功图部分除外),2,193.61,,,,,,,,,0.002724796
孤东采油厂/采油管理三区,温压变,胜利油田豪威科工贸有限责任公司,734,2023/7/1,6,仪表电池更换 就地,3,207.36,,,,,,,,,0.004087193
孤东采油厂/采油管理三区,温压变,胜利油田豪威科工贸有限责任公司,734,2023/8/1,4,井场仪表设备故障诊断(功图部分除外),2,193.61,,,,,,,,,0.002724796
孤东采油厂/采油管理三区,温压变,胜利油田豪威科工贸有限责任公司,734,2023/9/1,16,仪表电池更换 就地,8,608.33,,,,,,,,,0.010899183
孤东采油厂/采油管理三区,温压变,胜利油田胜利石油仪表厂,2,2023/5/1,4,井场仪表设备故障诊断(功图部分除外),2,193.61,,,,,,,,,1
孤东采油厂/采油管理三区,载荷,蚌埠日月仪器研究所有限公司,144,2023/3/1,10,载荷传感器调试 无线,5,723.09,,,,,,,,,0.034722222
孤东采油厂/采油管理三区,载荷,蚌埠日月仪器研究所有限公司,144,2023/4/1,118,载荷传感器调试 无线,59,7913.63,,,,,,,,,0.409722222
孤东采油厂/采油管理三区,载荷,蚌埠日月仪器研究所有限公司,144,2023/5/1,18,载荷传感器调试 无线,9,1105.26,,,,,,,,,0.0625
孤东采油厂/采油管理三区,载荷,蚌埠日月仪器研究所有限公司,144,2023/6/1,10,载荷传感器调试 无线,5,723.09,,,,,,,,,0.034722222
孤东采油厂/采油管理三区,载荷,蚌埠日月仪器研究所有限公司,144,2023/8/1,6,载荷传感器调试 无线,3,439.65,,,,,,,,,0.020833333
孤东采油厂/采油管理三区,载荷,蚌埠日月仪器研究所有限公司,144,2023/9/1,20,载荷传感器调试 无线,10,1393.07,,,,,,,,,0.069444444
孤东采油厂/采油管理三区,载荷,北京安控科技股份有限公司,601,2023/3/1,22,载荷传感器调试 无线,11,1459.93,,,,,,,,,0.018302829
孤东采油厂/采油管理三区,载荷,北京安控科技股份有限公司,602,2023/4/1,222,载荷传感器调试 无线,111,15059.8,,,,,,,,,0.184385382
孤东采油厂/采油管理三区,载荷,北京安控科技股份有限公司,602,2023/5/1,72,载荷传感器调试 无线,36,4899.18,,,,,,,,,0.059800664
孤东采油厂/采油管理三区,载荷,北京安控科技股份有限公司,602,2023/6/1,54,载荷传感器调试 无线,27,3600.7,,,,,,,,,0.044850498
孤东采油厂/采油管理三区,载荷,北京安控科技股份有限公司,602,2023/7/1,24,载荷传感器调试 无线,12,1473.68,,,,,,,,,0.019933555
孤东采油厂/采油管理三区,载荷,北京安控科技股份有限公司,603,2023/8/1,64,载荷传感器调试 无线,32,4473.51,,,,,,,,,0.053067993
孤东采油厂/采油管理三区,载荷,北京安控科技股份有限公司,603,2023/9/1,60,载荷传感器调试 无线,30,3755.43,,,,,,,,,0.049751244
孤东采油厂/采油管理三区,载荷,天津市万众科技发展有限公司,90,2023/3/1,12,载荷传感器调试 无线,6,736.84,,,,,,,,,0.066666667
孤东采油厂/采油管理三区,载荷,天津市万众科技发展有限公司,92,2023/4/1,36,载荷传感器调试 无线,18,2537.69,,,,,,,,,0.195652174
孤东采油厂/采油管理三区,载荷,天津市万众科技发展有限公司,92,2023/5/1,42,载荷传感器调试 无线,21,2578.94,,,,,,,,,0.22826087
孤东采油厂/采油管理三区,载荷,天津市万众科技发展有限公司,92,2023/6/1,24,载荷传感器调试 无线,12,1544.91,,,,,,,,,0.130434783
孤东采油厂/采油管理三区,载荷,天津市万众科技发展有限公司,92,2023/7/1,18,载荷传感器调试 无线,9,1379.32,,,,,,,,,0.097826087
孤东采油厂/采油管理三区,载荷,天津市万众科技发展有限公司,92,2023/8/1,18,载荷传感器调试 无线,9,1105.26,,,,,,,,,0.097826087
孤东采油厂/采油管理四区,温压变,北京安控科技股份有限公司,707,2023/7/1,4,井场仪表设备故障诊断(功图部分除外),2,193.61,,,,,,,,,0.002828854
孤东采油厂/采油管理四区,温压变,北京安控科技股份有限公司,707,2023/8/1,22,井场仪表设备故障诊断(功图部分除外),11,895.73,,,,,,,,,0.015558699
孤东采油厂/采油管理四区,温压变,北京安控科技股份有限公司,706,2023/9/1,6,仪表电池更换 就地,3,207.36,,,,,,,,,0.004249292
孤东采油厂/采油管理四区,温压变,北京安控科技股份有限公司,706,2023/12/1,6,仪表电池更换 就地,3,207.36,,,,,,,,,0.004249292
孤东采油厂/采油管理四区,温压变,山东胜利通海集团东营天蓝节能科技有限公司,407,2023/3/1,8,井场仪表设备故障诊断(功图部分除外),4,387.22,,,,,,,,,0.00982801
孤东采油厂/采油管理四区,温压变,山东胜利通海集团东营天蓝节能科技有限公司,445,2023/4/1,8,井场仪表设备故障诊断(功图部分除外),4,387.22,,,,,,,,,0.008988764
孤东采油厂/采油管理四区,温压变,山东胜利通海集团东营天蓝节能科技有限公司,508,2023/7/1,6,井场仪表设备故障诊断(功图部分除外),3,234.04,,,,,,,,,0.005905512
孤东采油厂/采油管理四区,温压变,山东胜利通海集团东营天蓝节能科技有限公司,508,2023/8/1,6,井场仪表设备故障诊断(功图部分除外),3,234.04,,,,,,,,,0.005905512
孤东采油厂/采油管理四区,温压变,山东胜利通海集团东营天蓝节能科技有限公司,609,2024/1/1,6,井场仪表设备故障诊断(功图部分除外),3,234.04,,,,,,,,,0.004926108
孤东采油厂/采油管理四区,温压变,天津万众科技股份有限公司,148,2023/4/1,4,井场仪表设备故障诊断(功图部分除外),2,193.61,,,,,,,,,0.013513514
孤东采油厂/采油管理四区,载荷,蚌埠日月仪器研究所有限公司,157,2023/3/1,6,载荷传感器调试 无线,3,368.42,,,,,,,,,0.01910828
孤东采油厂/采油管理四区,载荷,蚌埠日月仪器研究所有限公司,157,2023/4/1,12,载荷传感器调试 无线,6,736.84,,,,,,,,,0.038216561
孤东采油厂/采油管理四区,载荷,蚌埠日月仪器研究所有限公司,197,2023/5/1,24,载荷传感器调试 无线,12,1473.68,,,,,,,,,0.060913706
孤东采油厂/采油管理四区,载荷,蚌埠日月仪器研究所有限公司,228,2023/7/1,10,载荷传感器调试 无线,5,723.09,,,,,,,,,0.021929825
孤东采油厂/采油管理四区,载荷,蚌埠日月仪器研究所有限公司,228,2023/8/1,10,载荷传感器调试 无线,5,669.98,,,,,,,,,0.021929825
孤东采油厂/采油管理四区,载荷,蚌埠日月仪器研究所有限公司,228,2023/9/1,34,载荷传感器调试 无线,17,2196.77,,,,,,,,,0.074561404
孤东采油厂/采油管理四区,载荷,蚌埠日月仪器研究所有限公司,234,2023/10/1,20,载荷传感器调试 无线,10,1339.96,,,,,,,,,0.042735043
孤东采油厂/采油管理四区,载荷,蚌埠日月仪器研究所有限公司,264,2023/11/1,24,载荷传感器调试 无线,12,1473.68,,,,,,,,,0.045454545
孤东采油厂/采油管理四区,载荷,蚌埠日月仪器研究所有限公司,264,2023/12/1,12,载荷传感器调试 无线,6,736.84,,,,,,,,,0.022727273
孤东采油厂/采油管理四区,载荷,蚌埠日月仪器研究所有限公司,287,2024/1/1,24,载荷传感器调试 无线,12,1473.68,,,,,,,,,0.041811847
孤东采油厂/采油管理四区,载荷,蚌埠日月仪器研究所有限公司,287,2024/2/1,16,载荷传感器调试 无线,8,1109.63,,,,,,,,,0.027874564
孤东采油厂/采油管理四区,载荷,蚌埠日月仪器研究所有限公司,287,2024/3/1,12,载荷传感器调试 无线,6,736.84,,,,,,,,,0.020905923
孤东采油厂/采油管理四区,载荷,北京安控科技股份有限公司,334,2023/3/1,6,载荷传感器调试 无线,3,642.48,,,,,,,,,0.008982036
孤东采油厂/采油管理四区,载荷,北京安控科技股份有限公司,334,2023/4/1,12,载荷传感器调试 无线,6,808.07,,,,,,,,,0.017964072
孤东采油厂/采油管理四区,载荷,北京安控科技股份有限公司,334,2023/5/1,4,油井功图采集系统故障诊断,2,301.56,,,,,,,,,0.005988024
孤东采油厂/采油管理四区,载荷,北京安控科技股份有限公司,343,2023/7/1,6,载荷传感器调试 无线,3,368.42,,,,,,,,,0.008746356
孤东采油厂/采油管理四区,载荷,北京安控科技股份有限公司,343,2023/8/1,14,载荷传感器调试 无线,7,1042.77,,,,,,,,,0.020408163
孤东采油厂/采油管理四区,载荷,北京安控科技股份有限公司,343,2023/9/1,14,载荷传感器调试 无线,7,1024.65,,,,,,,,,0.020408163
孤东采油厂/采油管理四区,载荷,北京安控科技股份有限公司,348,2023/10/1,18,载荷传感器调试 无线,9,1176.49,,,,,,,,,0.025862069
孤东采油厂/采油管理四区,载荷,北京安控科技股份有限公司,348,2023/11/1,38,载荷传感器调试 无线,19,2587.68,,,,,,,,,0.054597701
孤东采油厂/采油管理四区,载荷,北京安控科技股份有限公司,348,2023/12/1,24,载荷传感器调试 无线,12,1616.14,,,,,,,,,0.034482759
孤东采油厂/采油管理四区,载荷,北京安控科技股份有限公司,348,2024/1/1,10,载荷传感器调试 无线,5,741.21,,,,,,,,,0.014367816
孤东采油厂/采油管理四区,载荷,北京安控科技股份有限公司,348,2024/2/1,4,角位移传感器(载荷传感器)拆卸 ,2,372.79,,,,,,,,,0.005747126
孤东采油厂/采油管理四区,载荷,荆州市明德科技有限公司,21,2023/8/1,4,载荷传感器调试 无线,2,354.67,,,,,,,,,0.095238095
孤东采油厂/采油管理四区,载荷,天津万众科技股份有限公司,86,2023/9/1,6,载荷传感器调试 无线,3,368.42,,,,,,,,,0.034883721
孤东采油厂/采油管理五区,温压变,北京安控科技股份有限公司,400,2023/4/1,64,仪表电池更换 就地,32,2320.57,,,,,,,,,0.08
孤东采油厂/采油管理五区,温压变,北京安控科技股份有限公司,400,2023/5/1,186,仪表电池更换 就地,93,7107.22,,,,,,,,,0.2325
孤东采油厂/采油管理五区,温压变,北京安控科技股份有限公司,401,2023/6/1,208,仪表电池更换 就地,104,9510,,,,,,,,,0.259351621
孤东采油厂/采油管理五区,温压变,北京安控科技股份有限公司,406,2023/7/1,120,井场仪表设备故障诊断(功图部分除外),60,5808.3,,,,,,,,,0.147783251
孤东采油厂/采油管理五区,温压变,北京安控科技股份有限公司,406,2023/8/1,144,井场仪表设备故障诊断(功图部分除外),72,6857.21,,,,,,,,,0.177339901
孤东采油厂/采油管理五区,温压变,北京安控科技股份有限公司,408,2023/9/1,154,井场仪表设备故障诊断(功图部分除外),77,7397.61,,,,,,,,,0.18872549
孤东采油厂/采油管理五区,温压变,北京安控科技股份有限公司,413,2023/10/1,168,接转站以下流量类仪表设备故障诊断,84,8285.46,,,,,,,,,0.203389831
孤东采油厂/采油管理五区,温压变,北京安控科技股份有限公司,413,2023/11/1,142,仪表电池更换 就地,71,6790.1,,,,,,,,,0.171912833
孤东采油厂/采油管理五区,温压变,北京安控科技股份有限公司,415,2023/12/1,148,井场仪表设备故障诊断(功图部分除外),74,7163.57,,,,,,,,,0.178313253
孤东采油厂/采油管理五区,温压变,北京安控科技股份有限公司,416,2024/1/1,84,井场仪表设备故障诊断(功图部分除外),42,4065.81,,,,,,,,,0.100961538
孤东采油厂/采油管理五区,温压变,北京安控科技股份有限公司,416,2024/2/1,52,仪表电池更换 就地,26,2350.82,,,,,,,,,0.0625
孤东采油厂/采油管理五区,温压变,山东胜利通海集团东营天蓝节能科技有限公司,137,2023/4/1,36,仪表电池更换 就地,18,1244.16,,,,,,,,,0.131386861
孤东采油厂/采油管理五区,温压变,山东胜利通海集团东营天蓝节能科技有限公司,139,2023/5/1,56,仪表电池更换 就地,28,2152.82,,,,,,,,,0.201438849
孤东采油厂/采油管理五区,温压变,山东胜利通海集团东营天蓝节能科技有限公司,142,2023/6/1,40,井场仪表设备故障诊断(功图部分除外),20,1936.1,,,,,,,,,0.14084507
孤东采油厂/采油管理五区,温压变,山东胜利通海集团东营天蓝节能科技有限公司,144,2023/7/1,32,井场仪表设备故障诊断(功图部分除外),16,1548.88,,,,,,,,,0.111111111
孤东采油厂/采油管理五区,温压变,山东胜利通海集团东营天蓝节能科技有限公司,144,2023/8/1,28,井场仪表设备故障诊断(功图部分除外),14,1355.27,,,,,,,,,0.097222222
孤东采油厂/采油管理五区,温压变,山东胜利通海集团东营天蓝节能科技有限公司,144,2023/9/1,16,井场仪表设备故障诊断(功图部分除外),8,774.44,,,,,,,,,0.055555556
孤东采油厂/采油管理五区,温压变,山东胜利通海集团东营天蓝节能科技有限公司,153,2023/11/1,10,仪表电池更换 就地,5,400.97,,,,,,,,,0.032679739
孤东采油厂/采油管理五区,温压变,山东胜利通海集团东营天蓝节能科技有限公司,153,2023/12/1,12,井场仪表设备故障诊断(功图部分除外),6,580.83,,,,,,,,,0.039215686
孤东采油厂/采油管理五区,温压变,山东胜利通海集团东营天蓝节能科技有限公司,165,2024/2/1,16,井场仪表设备故障诊断(功图部分除外),8,774.44,,,,,,,,,0.048484848
孤东采油厂/采油管理五区,温压变,胜利油田豪威科工贸有限责任公司,14,2023/9/1,6,井场仪表设备故障诊断(功图部分除外),3,234.04,,,,,,,,,0.214285714
孤东采油厂/采油管理五区,温压变,胜利油田豪威科工贸有限责任公司,14,2023/11/1,8,井场仪表设备故障诊断(功图部分除外),4,387.22,,,,,,,,,0.285714286
孤东采油厂/采油管理五区,温压变,胜利油田豪威科工贸有限责任公司,14,2023/12/1,4,井场仪表设备故障诊断(功图部分除外),2,193.61,,,,,,,,,0.142857143
孤东采油厂/采油管理五区,温压变,胜利油田物华实业发展有限公司,4,2023/9/1,4,井场仪表设备故障诊断(功图部分除外),2,193.61,,,,,,,,,0.5
孤东采油厂/采油管理五区,温压变,天津万众科技股份有限公司,75,2023/4/1,10,仪表电池更换 就地,5,400.97,,,,,,,,,0.066666667
孤东采油厂/采油管理五区,温压变,天津万众科技股份有限公司,75,2023/5/1,12,井场仪表设备故障诊断(功图部分除外),6,468.08,,,,,,,,,0.08
孤东采油厂/采油管理五区,温压变,天津万众科技股份有限公司,79,2023/6/1,8,井场仪表设备故障诊断(功图部分除外),4,387.22,,,,,,,,,0.050632911
孤东采油厂/采油管理五区,温压变,天津万众科技股份有限公司,82,2023/7/1,16,井场仪表设备故障诊断(功图部分除外),8,774.44,,,,,,,,,0.097560976
孤东采油厂/采油管理五区,温压变,天津万众科技股份有限公司,82,2023/8/1,12,井场仪表设备故障诊断(功图部分除外),6,580.83,,,,,,,,,0.073170732
孤东采油厂/采油管理五区,温压变,天津万众科技股份有限公司,84,2023/9/1,18,井场仪表设备故障诊断(功图部分除外),9,814.87,,,,,,,,,0.107142857
孤东采油厂/采油管理五区,温压变,天津万众科技股份有限公司,88,2023/10/1,12,井场仪表设备故障诊断(功图部分除外),6,580.83,,,,,,,,,0.068181818
孤东采油厂/采油管理五区,温压变,天津万众科技股份有限公司,88,2023/11/1,12,井场仪表设备故障诊断(功图部分除外),6,580.83,,,,,,,,,0.068181818
孤东采油厂/采油管理五区,温压变,天津万众科技股份有限公司,88,2023/12/1,4,井场仪表设备故障诊断(功图部分除外),2,193.61,,,,,,,,,0.022727273
孤东采油厂/采油管理五区,载荷,北京安控科技股份有限公司,111,2023/5/1,6,载荷传感器调试 无线,3,439.65,,,,,,,,,0.027027027
孤东采油厂/采油管理五区,载荷,北京安控科技股份有限公司,113,2023/6/1,12,载荷传感器调试 无线,6,879.3,,,,,,,,,0.053097345
孤东采油厂/采油管理五区,载荷,北京安控科技股份有限公司,114,2023/9/1,12,载荷传感器调试 无线,6,879.3,,,,,,,,,0.052631579
孤东采油厂/采油管理五区,载荷,北京安控科技股份有限公司,118,2023/12/1,8,载荷传感器调试 无线,4,709.34,,,,,,,,,0.033898305
孤东采油厂/采油管理五区,载荷,荆州市明德科技有限公司,19,2023/5/1,6,载荷传感器调试 无线,3,439.65,,,,,,,,,0.157894737
孤东采油厂/采油管理五区,载荷,天津万众科技股份有限公司,61,2023/4/1,4,载荷传感器调试 无线,2,354.67,,,,,,,,,0.032786885
孤东采油厂/采油管理一区,流量计,上海一诺仪表有限公司,229,2023/3/1,20,接转站以下流量类仪表设备故障诊断,10,2567.8,,,,,,,,,0.043668122
孤东采油厂/采油管理一区,流量计,上海一诺仪表有限公司,244,2023/4/1,288,高压流量自控仪阀芯更换,144,36628.7,,,,,,,,,0.590163934
孤东采油厂/采油管理一区,流量计,上海一诺仪表有限公司,258,2023/5/1,214,高压流量自控仪阀芯更换,107,27066.89,,,,,,,,,0.414728682
孤东采油厂/采油管理一区,流量计,上海一诺仪表有限公司,268,2023/6/1,142,高压流量自控仪调试,71,18011.54,,,,,,,,,0.264925373
孤东采油厂/采油管理一区,流量计,上海一诺仪表有限公司,274,2023/7/1,178,接转站以下流量类仪表设备故障诊断,89,22853.42,,,,,,,,,0.324817518
孤东采油厂/采油管理一区,流量计,上海一诺仪表有限公司,280,2023/8/1,196,接转站以下流量类仪表设备故障诊断,98,25164.44,,,,,,,,,0.35
孤东采油厂/采油管理一区,流量计,上海一诺仪表有限公司,285,2023/9/1,140,接转站以下流量类仪表设备故障诊断,70,17974.6,,,,,,,,,0.245614035
孤东采油厂/采油管理一区,流量计,上海一诺仪表有限公司,294,2023/10/1,108,高压流量自控仪阀芯更换,54,13677.39,,,,,,,,,0.183673469
孤东采油厂/采油管理一区,流量计,上海一诺仪表有限公司,324,2023/11/1,108,接转站以下流量类仪表设备故障诊断,54,13866.12,,,,,,,,,0.166666667
孤东采油厂/采油管理一区,流量计,上海一诺仪表有限公司,364,2023/12/1,78,接转站以下流量类仪表设备故障诊断,39,10014.42,,,,,,,,,0.107142857
孤东采油厂/采油管理一区,流量计,上海一诺仪表有限公司,417,2024/1/1,146,接转站以下流量类仪表设备故障诊断,73,18744.94,,,,,,,,,0.175059952
孤东采油厂/采油管理一区,流量计,上海一诺仪表有限公司,419,2024/2/1,104,接转站以下流量类仪表设备故障诊断,52,13352.56,,,,,,,,,0.124105012
孤东采油厂/采油管理一区,流量计,上海一诺仪表有限公司,419,2024/3/1,74,接转站以下流量类仪表设备故障诊断,37,9500.86,,,,,,,,,0.088305489
孤东采油厂/采油管理一区,流量计,浙江金龙自控设备有限公司,9,2023/3/1,2,接转站以下流量类仪表设备故障诊断,1,256.78,,,,,,,,,0.111111111
孤东采油厂/采油管理一区,流量计,浙江金龙自控设备有限公司,16,2023/8/1,4,接转站以下流量类仪表设备故障诊断,2,513.56,,,,,,,,,0.125
孤东采油厂/采油管理一区,流量计,浙江金龙自控设备有限公司,27,2023/11/1,2,接转站以下流量类仪表设备故障诊断,1,256.78,,,,,,,,,0.037037037
孤东采油厂/采油管理一区,流量计,浙江金龙自控设备有限公司,32,2024/1/1,2,接转站以下流量类仪表设备故障诊断,1,256.78,,,,,,,,,0.03125
孤东采油厂/采油管理一区,流量计,浙江金龙自控设备有限公司,32,2024/2/1,2,接转站以下流量类仪表设备故障诊断,1,256.78,,,,,,,,,0.03125
孤东采油厂/采油管理一区,温压变,北京安控科技股份有限公司,852,2023/3/1,4,井场仪表设备故障诊断(功图部分除外),2,193.61,,,,,,,,,0.002347418
孤东采油厂/采油管理一区,温压变,北京安控科技股份有限公司,867,2023/4/1,38,仪表电池更换 就地,19,1643.49,,,,,,,,,0.021914648
孤东采油厂/采油管理一区,温压变,北京安控科技股份有限公司,873,2023/5/1,62,仪表电池更换 就地,31,2612.36,,,,,,,,,0.035509737
孤东采油厂/采油管理一区,温压变,北京安控科技股份有限公司,875,2023/6/1,70,仪表电池更换 就地,35,3052.94,,,,,,,,,0.04
孤东采油厂/采油管理一区,温压变,北京安控科技股份有限公司,877,2023/7/1,72,仪表电池更换 就地,36,3232.8,,,,,,,,,0.041049031
孤东采油厂/采油管理一区,温压变,北京安控科技股份有限公司,883,2023/8/1,70,仪表电池更换 就地,35,3192.37,,,,,,,,,0.039637599
孤东采油厂/采油管理一区,温压变,北京安控科技股份有限公司,893,2023/9/1,8,井场仪表设备故障诊断(功图部分除外),4,387.22,,,,,,,,,0.004479283
孤东采油厂/采油管理一区,温压变,北京安控科技股份有限公司,905,2023/10/1,32,仪表电池更换 就地,16,1382.77,,,,,,,,,0.017679558
孤东采油厂/采油管理一区,温压变,北京安控科技股份有限公司,908,2023/11/1,44,仪表电池更换 就地,22,1963.6,,,,,,,,,0.024229075
孤东采油厂/采油管理一区,温压变,北京安控科技股份有限公司,909,2023/12/1,46,井场仪表设备故障诊断(功图部分除外),23,2170.14,,,,,,,,,0.02530253
孤东采油厂/采油管理一区,温压变,北京安控科技股份有限公司,909,2024/1/1,68,仪表电池更换 就地,34,2959.15,,,,,,,,,0.03740374
孤东采油厂/采油管理一区,温压变,北京安控科技股份有限公司,909,2024/2/1,26,仪表电池更换 就地,13,1175.41,,,,,,,,,0.01430143
孤东采油厂/采油管理一区,温压变,北京安控科技股份有限公司,909,2024/3/1,16,井场仪表设备故障诊断(功图部分除外),8,774.44,,,,,,,,,0.00880088
孤东采油厂/采油管理一区,温压变,荆州市明德科技有限公司,67,2023/5/1,4,井场仪表设备故障诊断(功图部分除外),2,193.61,,,,,,,,,0.029850746
孤东采油厂/采油管理一区,温压变,荆州市明德科技有限公司,67,2024/2/1,14,仪表电池更换 就地,7,594.58,,,,,,,,,0.104477612
孤东采油厂/采油管理一区,温压变,山东胜利通海集团东营天蓝节能科技有限公司,934,2023/4/1,78,井场仪表设备故障诊断(功图部分除外),39,3380.77,,,,,,,,,0.041755889
孤东采油厂/采油管理一区,温压变,山东胜利通海集团东营天蓝节能科技有限公司,949,2023/5/1,18,井场仪表设备故障诊断(功图部分除外),9,702.12,,,,,,,,,0.009483667
孤东采油厂/采油管理一区,温压变,山东胜利通海集团东营天蓝节能科技有限公司,953,2023/6/1,134,仪表电池更换 就地,67,6070.66,,,,,,,,,0.070304302
孤东采油厂/采油管理一区,温压变,山东胜利通海集团东营天蓝节能科技有限公司,954,2023/7/1,34,仪表电池更换 就地,17,1562.63,,,,,,,,,0.017819706
孤东采油厂/采油管理一区,温压变,山东胜利通海集团东营天蓝节能科技有限公司,955,2023/8/1,52,井场仪表设备故障诊断(功图部分除外),26,2291.43,,,,,,,,,0.027225131
孤东采油厂/采油管理一区,温压变,山东胜利通海集团东营天蓝节能科技有限公司,958,2023/9/1,32,井场仪表设备故障诊断(功图部分除外),16,1436.13,,,,,,,,,0.016701461
孤东采油厂/采油管理一区,温压变,山东胜利通海集团东营天蓝节能科技有限公司,993,2023/10/1,44,井场仪表设备故障诊断(功图部分除外),22,1904.21,,,,,,,,,0.022155086
孤东采油厂/采油管理一区,温压变,山东胜利通海集团东营天蓝节能科技有限公司,998,2023/11/1,32,井场仪表设备故障诊断(功图部分除外),16,1436.13,,,,,,,,,0.016032064
孤东采油厂/采油管理一区,温压变,山东胜利通海集团东营天蓝节能科技有限公司,1011,2023/12/1,20,井场仪表设备故障诊断(功图部分除外),10,855.3,,,,,,,,,0.009891197
孤东采油厂/采油管理一区,温压变,山东胜利通海集团东营天蓝节能科技有限公司,1014,2024/1/1,40,仪表电池更换 就地,20,1603.88,,,,,,,,,0.019723866
孤东采油厂/采油管理一区,温压变,山东胜利通海集团东营天蓝节能科技有限公司,1040,2024/2/1,4,井场仪表设备故障诊断(功图部分除外),2,193.61,,,,,,,,,0.001923077
孤东采油厂/采油管理一区,温压变,山东胜利通海集团东营天蓝节能科技有限公司,1044,2024/3/1,12,井场仪表设备故障诊断(功图部分除外),6,580.83,,,,,,,,,0.005747126
孤东采油厂/采油管理一区,温压变,胜利油田东强机电设备制造有限公司,38,2023/8/1,4,井场仪表设备故障诊断(功图部分除外),2,193.61,,,,,,,,,0.052631579
孤东采油厂/采油管理一区,温压变,胜利油田东强机电设备制造有限公司,41,2023/9/1,6,井场仪表设备故障诊断(功图部分除外),3,234.04,,,,,,,,,0.073170732
孤东采油厂/采油管理一区,温压变,胜利油田豪威科工贸有限责任公司,71,2023/4/1,8,井场仪表设备故障诊断(功图部分除外),4,387.22,,,,,,,,,0.056338028
孤东采油厂/采油管理一区,温压变,胜利油田豪威科工贸有限责任公司,72,2023/7/1,4,井场仪表设备故障诊断(功图部分除外),2,193.61,,,,,,,,,0.027777778
孤东采油厂/采油管理一区,温压变,胜利油田豪威科工贸有限责任公司,72,2023/8/1,10,井场仪表设备故障诊断(功图部分除外),5,427.65,,,,,,,,,0.069444444
孤东采油厂/采油管理一区,温压变,胜利油田豪威科工贸有限责任公司,79,2023/10/1,8,井场仪表设备故障诊断(功图部分除外),4,387.22,,,,,,,,,0.050632911
孤东采油厂/采油管理一区,温压变,胜利油田豪威科工贸有限责任公司,80,2024/3/1,4,井场仪表设备故障诊断(功图部分除外),2,193.61,,,,,,,,,0.025
孤东采油厂/采油管理一区,温压变,胜利油田物华实业发展有限公司,72,2023/4/1,6,井场仪表设备故障诊断(功图部分除外),3,234.04,,,,,,,,,0.041666667
孤东采油厂/采油管理一区,温压变,胜利油田物华实业发展有限公司,72,2023/5/1,6,井场仪表设备故障诊断(功图部分除外),3,234.04,,,,,,,,,0.041666667
孤东采油厂/采油管理一区,温压变,胜利油田物华实业发展有限公司,73,2023/6/1,18,仪表电池更换 就地,9,788.19,,,,,,,,,0.123287671
孤东采油厂/采油管理一区,温压变,胜利油田物华实业发展有限公司,73,2023/7/1,30,仪表电池更换 就地,15,1202.91,,,,,,,,,0.205479452
孤东采油厂/采油管理一区,温压变,胜利油田物华实业发展有限公司,73,2023/8/1,10,井场仪表设备故障诊断(功图部分除外),5,427.65,,,,,,,,,0.068493151
孤东采油厂/采油管理一区,温压变,胜利油田物华实业发展有限公司,75,2023/9/1,4,井场仪表设备故障诊断(功图部分除外),2,193.61,,,,,,,,,0.026666667
孤东采油厂/采油管理一区,温压变,胜利油田物华实业发展有限公司,77,2023/10/1,4,井场仪表设备故障诊断(功图部分除外),2,193.61,,,,,,,,,0.025974026
孤东采油厂/采油管理一区,温压变,胜利油田物华实业发展有限公司,78,2023/11/1,12,井场仪表设备故障诊断(功图部分除外),6,580.83,,,,,,,,,0.076923077
孤东采油厂/采油管理一区,温压变,胜利油田物华实业发展有限公司,78,2023/12/1,6,仪表电池更换 就地,3,207.36,,,,,,,,,0.038461538
孤东采油厂/采油管理一区,温压变,天津市万众科技发展有限公司,403,2023/3/1,4,井场仪表设备故障诊断(功图部分除外),2,193.61,,,,,,,,,0.004962779
孤东采油厂/采油管理一区,温压变,天津市万众科技发展有限公司,403,2023/4/1,62,仪表电池更换 就地,31,2692.4,,,,,,,,,0.076923077
孤东采油厂/采油管理一区,温压变,天津市万众科技发展有限公司,403,2023/5/1,38,仪表电池更换 就地,19,1643.49,,,,,,,,,0.047146402
孤东采油厂/采油管理一区,温压变,天津市万众科技发展有限公司,405,2023/6/1,46,仪表电池更换 就地,23,2004.03,,,,,,,,,0.056790123
孤东采油厂/采油管理一区,温压变,天津市万众科技发展有限公司,408,2023/7/1,64,仪表电池更换 就地,32,2792.22,,,,,,,,,0.078431373
孤东采油厂/采油管理一区,温压变,天津市万众科技发展有限公司,409,2023/8/1,48,仪表电池更换 就地,24,2183.89,,,,,,,,,0.058679707
孤东采油厂/采油管理一区,温压变,天津市万众科技发展有限公司,423,2023/9/1,14,井场仪表设备故障诊断(功图部分除外),7,621.26,,,,,,,,,0.016548463
孤东采油厂/采油管理一区,温压变,天津市万众科技发展有限公司,424,2023/10/1,22,仪表电池更换 就地,11,981.8,,,,,,,,,0.025943396
孤东采油厂/采油管理一区,温压变,天津市万众科技发展有限公司,426,2023/11/1,34,仪表电池更换 就地,17,1562.63,,,,,,,,,0.039906103
孤东采油厂/采油管理一区,温压变,天津市万众科技发展有限公司,427,2023/12/1,34,仪表电池更换 就地,17,1449.88,,,,,,,,,0.039812646
孤东采油厂/采油管理一区,温压变,天津市万众科技发展有限公司,427,2024/1/1,42,仪表电池更换 就地,21,1783.74,,,,,,,,,0.049180328
孤东采油厂/采油管理一区,温压变,天津市万众科技发展有限公司,427,2024/2/1,26,仪表电池更换 就地,13,1175.41,,,,,,,,,0.030444965
孤东采油厂/采油管理一区,温压变,天津市万众科技发展有限公司,427,2024/3/1,16,井场仪表设备故障诊断(功图部分除外),8,774.44,,,,,,,,,0.018735363
孤东采油厂/采油管理一区,温压变,西安国仪测控股份有限公司,10,2023/6/1,4,井场仪表设备故障诊断(功图部分除外),2,193.61,,,,,,,,,0.2
孤东采油厂/采油管理一区,温压变,西安国仪测控股份有限公司,10,2023/10/1,6,井场仪表设备故障诊断(功图部分除外),3,234.04,,,,,,,,,0.3
孤东采油厂/采油管理一区,载荷,蚌埠日月仪器研究所有限公司,67,2023/3/1,12,载荷传感器调试 无线,6,736.84,,,,,,,,,0.089552239
孤东采油厂/采油管理一区,载荷,蚌埠日月仪器研究所有限公司,80,2023/6/1,18,载荷传感器调试 无线,9,1318.95,,,,,,,,,0.1125
孤东采油厂/采油管理一区,载荷,蚌埠日月仪器研究所有限公司,93,2023/7/1,16,载荷传感器调试 无线,8,1091.51,,,,,,,,,0.086021505
孤东采油厂/采油管理一区,载荷,蚌埠日月仪器研究所有限公司,98,2023/8/1,18,载荷传感器调试 无线,9,1521.78,,,,,,,,,0.091836735
孤东采油厂/采油管理一区,载荷,蚌埠日月仪器研究所有限公司,102,2023/9/1,4,油井功图采集系统故障诊断,2,301.56,,,,,,,,,0.019607843
孤东采油厂/采油管理一区,载荷,蚌埠日月仪器研究所有限公司,104,2023/10/1,16,载荷传感器调试 无线,8,1162.74,,,,,,,,,0.076923077
孤东采油厂/采油管理一区,载荷,蚌埠日月仪器研究所有限公司,104,2023/12/1,14,载荷传感器调试 无线,7,1095.88,,,,,,,,,0.067307692
孤东采油厂/采油管理一区,载荷,蚌埠日月仪器研究所有限公司,137,2024/2/1,20,载荷传感器调试 无线,10,1588.64,,,,,,,,,0.072992701
孤东采油厂/采油管理一区,载荷,蚌埠日月仪器研究所有限公司,137,2024/3/1,34,载荷传感器调试 无线,17,2737.63,,,,,,,,,0.124087591
孤东采油厂/采油管理一区,载荷,北京安控科技股份有限公司,418,2023/3/1,6,载荷传感器调试 无线,3,368.42,,,,,,,,,0.007177033
孤东采油厂/采油管理一区,载荷,北京安控科技股份有限公司,418,2023/4/1,58,载荷传感器调试 无线,29,4696.71,,,,,,,,,0.06937799
孤东采油厂/采油管理一区,载荷,北京安控科技股份有限公司,418,2023/5/1,20,载荷传感器调试 无线,10,1482.42,,,,,,,,,0.023923445
孤东采油厂/采油管理一区,载荷,北京安控科技股份有限公司,418,2023/6/1,8,角位移传感器(载荷传感器)拆卸 ,4,745.58,,,,,,,,,0.009569378
孤东采油厂/采油管理一区,载荷,北京安控科技股份有限公司,418,2023/7/1,38,载荷传感器调试 无线,19,2783.25,,,,,,,,,0.045454545
孤东采油厂/采油管理一区,载荷,北京安控科技股份有限公司,418,2023/8/1,40,载荷传感器调试 无线,20,3220.78,,,,,,,,,0.04784689
孤东采油厂/采油管理一区,载荷,北京安控科技股份有限公司,418,2023/9/1,18,载荷传感器调试 无线,9,1273.1,,,,,,,,,0.0215311
孤东采油厂/采油管理一区,载荷,北京安控科技股份有限公司,418,2023/10/1,48,载荷传感器调试 无线,24,3400.12,,,,,,,,,0.057416268
孤东采油厂/采油管理一区,载荷,北京安控科技股份有限公司,419,2023/11/1,46,载荷传感器调试 无线,23,3660.43,,,,,,,,,0.054892601
孤东采油厂/采油管理一区,载荷,北京安控科技股份有限公司,419,2023/12/1,60,载荷传感器调试 无线,30,5073.87,,,,,,,,,0.071599045
孤东采油厂/采油管理一区,载荷,北京安控科技股份有限公司,419,2024/3/1,8,油井功图采集系统故障诊断,4,603.12,,,,,,,,,0.009546539
孤东采油厂/采油管理一区,载荷,丹东华通测控有限公司,15,2023/3/1,6,载荷传感器调试 无线,3,368.42,,,,,,,,,0.2
孤东采油厂/采油管理一区,载荷,丹东华通测控有限公司,15,2023/9/1,10,载荷传感器调试 无线,5,669.98,,,,,,,,,0.333333333
孤东采油厂/采油管理一区,载荷,丹东华通测控有限公司,15,2023/11/1,10,载荷传感器调试 无线,5,669.98,,,,,,,,,0.333333333
孤东采油厂/采油管理一区,载荷,丹东华通测控有限公司,15,2023/12/1,8,载荷传感器调试 无线,4,709.34,,,,,,,,,0.266666667
孤东采油厂/采油管理一区,载荷,荆州市明德科技有限公司,12,2023/5/1,4,载荷传感器调试 无线,2,354.67,,,,,,,,,0.166666667
孤东采油厂/采油管理一区,载荷,荆州市明德科技有限公司,14,2023/6/1,6,载荷传感器调试 无线,3,439.65,,,,,,,,,0.214285714
孤东采油厂/采油管理一区,载荷,荆州市明德科技有限公司,15,2023/11/1,8,载荷传感器调试 无线,4,709.34,,,,,,,,,0.266666667
孤东采油厂/采油管理一区,载荷,荆州市明德科技有限公司,17,2024/2/1,14,载荷传感器调试 无线,7,1148.99,,,,,,,,,0.411764706
孤东采油厂/采油管理一区,载荷,天津市万众科技发展有限公司,74,2023/4/1,6,载荷传感器调试 无线,3,368.42,,,,,,,,,0.040540541
孤东采油厂/采油管理一区,载荷,天津市万众科技发展有限公司,74,2023/5/1,12,载荷传感器调试 无线,6,1064.01,,,,,,,,,0.081081081
孤东采油厂/采油管理一区,载荷,天津市万众科技发展有限公司,74,2023/6/1,6,载荷传感器调试 无线,3,368.42,,,,,,,,,0.040540541
孤东采油厂/采油管理一区,载荷,天津市万众科技发展有限公司,74,2023/7/1,6,载荷传感器调试 无线,3,368.42,,,,,,,,,0.040540541
孤东采油厂/采油管理一区,载荷,天津市万众科技发展有限公司,74,2023/8/1,4,载荷传感器调试 无线,2,354.67,,,,,,,,,0.027027027
孤东采油厂/采油管理一区,载荷,天津市万众科技发展有限公司,74,2023/9/1,8,载荷传感器调试 无线,4,656.23,,,,,,,,,0.054054054
孤东采油厂/采油管理一区,载荷,天津市万众科技发展有限公司,74,2023/10/1,8,载荷传感器调试 无线,4,709.34,,,,,,,,,0.054054054
孤东采油厂/采油管理一区,载荷,天津市万众科技发展有限公司,74,2023/11/1,6,载荷传感器调试 无线,3,368.42,,,,,,,,,0.040540541
孤东采油厂/采油管理一区,载荷,天津市万众科技发展有限公司,74,2023/12/1,18,载荷传感器调试 无线,9,1176.49,,,,,,,,,0.121621622
孤东采油厂/采油管理一区,载荷,天津市万众科技发展有限公司,74,2024/2/1,8,载荷传感器调试 无线,4,709.34,,,,,,,,,0.054054054
孤东采油厂/采油管理一区,载荷,天津市万众科技发展有限公司,74,2024/3/1,8,载荷传感器调试 无线,4,709.34,,,,,,,,,0.054054054
孤东采油厂/采油管理一区,载荷,天津万众科技股份有限公司,1,2023/8/1,4,载荷传感器调试 无线,2,354.67,,,,,,,,,2
孤东采油厂/采油管理一区,载荷,天津万众科技股份有限公司,2,2023/12/1,6,载荷传感器调试 无线,3,439.65,,,,,,,,,1.5
